Date,Desiption,,,Vch Type,Vch No.,Credit,Debit
2-Apr-24,ICON ENTERPRISES,,,Bank Reciept,1,1915,
2-Apr-24,Rachit Path Lab Nagpur,,,Bank Reciept,2,17600,
2-Apr-24,VIDARBHA BIOSCIENCES NAGPUR,,,Bank Reciept,3,19457,
2-Apr-24,Proprietor Capital A/c - Santosh Rathi,,,Bank Payment,1,,6642
3-Apr-24,"Anubhav Path Lab 2, Nagpur",,,Bank Reciept,4,10000,
3-Apr-24,Fast Tag & Diesel Exp,,,Bank Payment,2,,500
3-Apr-24,Fast Tag & Diesel Exp,,,Bank Payment,3,,922
3-Apr-24,"ATHARVA DIAGNOSTICS,RAMESHWARI NAGPUR",,,Bank Reciept,5,2856,
3-Apr-24,Travelling Exp.,,,Bank Payment,4,,1966
3-Apr-24,DELTA LAB PVT. LTD.,,,Bank Payment,5,,78176
4-Apr-24,Santosh Rathi HUF Ac. No.23/7911,,,Bank Payment,6,,282100
4-Apr-24,Bank Charges,,,Bank Payment,7,,28.91
4-Apr-24,"PATHOKART DIAGNOSICS, NAGPUR",,,Bank Reciept,6,27035,
4-Apr-24,Travelling Exp.,,,Bank Payment,8,,1286
5-Apr-24,"SHREE GAJANAN DISTRIBUTORS, BADNERA",,,Bank Reciept,7,20945,
5-Apr-24,Travelling Exp.,,,Bank Payment,9,,400
5-Apr-24,Bank Charges,,,Bank Payment,10,,17.41
5-Apr-24,SHRI GANESH ENTERPRISES YUB,,,Bank Payment,11,,100000
5-Apr-24,ROCHE DIAGNOSTICS INDIA PVT. LTD.,,,Bank Payment,12,,120860
5-Apr-24,ROCHE DIAGNOSTICS INDIA PVT. LTD.,,,Bank Payment,13,,163169
5-Apr-24,Bank Charges,,,Bank Payment,14,,5.61
5-Apr-24,Bank Charges,,,Bank Payment,15,,17.41
5-Apr-24,"Aspen Diagnostic, Delhi",,,Bank Payment,16,,135184
5-Apr-24,Travelling Exp.,,,Bank Payment,17,,191
5-Apr-24,Proprietor Capital A/c - Santosh Rathi,,,Bank Payment,18,,1500
5-Apr-24,Travelling Exp.,,,Bank Payment,19,,750
5-Apr-24,Travelling Exp.,,,Bank Payment,20,,300
5-Apr-24,Travelling Exp.,,,Bank Payment,21,,7
6-Apr-24,"SHRI CLINICAL LAB, YAVATMAL",,,Bank Reciept,8,1500,
6-Apr-24,"SHRI CLINICAL LAB, YAVATMAL",,,Bank Reciept,9,13500,
6-Apr-24,SALARY EXP.,,,Bank Payment,22,,13000
6-Apr-24,SALARY EXP.,,,Bank Payment,23,,9677
6-Apr-24,SALARY EXP.,,,Bank Payment,24,,8000
6-Apr-24,Bank Charges,,,Bank Payment,25,,29.5
7-Apr-24,Fast Tag & Diesel Exp,,,Bank Payment,26,,208
7-Apr-24,Bank Charges,,,Bank Payment,27,,27
8-Apr-24,"National Cancer Institute, Jamtha",,,Bank Reciept,10,85821,
8-Apr-24,"Aspen Diagnostic, Delhi",,,Bank Payment,28,,137676
8-Apr-24,Proprietor Capital A/c - Santosh Rathi,,,Bank Payment,29,,10300
8-Apr-24,PRANAY OFFICE EXPENSES,,,Bank Payment,30,,1000
8-Apr-24,ROCHE DIAGNOSTICS INDIA PVT. LTD.,,,Bank Payment,31,,44740
8-Apr-24,SALARY EXP.,,,Bank Payment,32,,6000
8-Apr-24,Office Exp.,,,Bank Payment,33,,11
9-Apr-24,Proprietor Capital A/c - Santosh Rathi,,,Bank Payment,34,,7000
10-Apr-24,MANGALMURTI DIAGNOSTICS & CHANAPUR,,,Bank Reciept,11,17539,
10-Apr-24,PRANAY OFFICE EXPENSES,,,Bank Payment,35,,1500
10-Apr-24,Office Exp.,,,Bank Payment,36,,1423
10-Apr-24,PRANAY OFFICE EXPENSES,,,Bank Payment,37,,532
10-Apr-24,Proprietor Capital A/c - Santosh Rathi,,,Bank Payment,38,,5400
10-Apr-24,ROCHE DIAGNOSTICS INDIA PVT. LTD.,,,Bank Payment,39,,10083
12-Apr-24,Roche Diagnostics India Private Limited,,,Bank Payment,40,,81820
12-Apr-24,Proprietor Capital A/c - Santosh Rathi,,,Bank Payment,41,,3000
12-Apr-24,"ATHARVA DIAGNOSTICS,RAMESHWARI NAGPUR",,,Bank Reciept,12,4598,
12-Apr-24,ROCHE DIAGNOSTICS INDIA PVT. LTD.,,,Bank Payment,42,,10566
12-Apr-24,PRANAY OFFICE EXPENSES,,,Bank Payment,43,,500
12-Apr-24,Cash,,,Bank Payment,44,,50000
12-Apr-24,Bank Charges,,,Bank Payment,45,,5.61
13-Apr-24,Fast Tag & Diesel Exp,,,Bank Payment,46,,208
15-Apr-24,SURESH CHANDAK,,,Bank Payment,47,,1027000
15-Apr-24,Travelling Exp.,,,Bank Payment,48,,145
15-Apr-24,Rapid Diagnostic Pvt. Ltd.,,,Bank Payment,49,,38528
15-Apr-24,DELTA LAB PVT. LTD.,,,Bank Payment,50,,47102
15-Apr-24,Bank Charges,,,Bank Payment,51,,58.41
15-Apr-24,Cash,,,Bank Payment,52,,10000
15-Apr-24,Bank Charges,,,Bank Payment,53,,24.78
15-Apr-24,Cash,,,Bank Payment,54,,10000
15-Apr-24,Bank Charges,,,Bank Payment,55,,24.78
15-Apr-24,Travelling Exp.,,,Bank Payment,56,,400
15-Apr-24,Travelling Exp.,,,Bank Payment,57,,400
15-Apr-24,Travelling Exp.,,,Bank Payment,58,,3500
15-Apr-24,Gunwant Pharma Amravati,,,Bank Reciept,13,14534,
16-Apr-24,"LAB HOUSE, GONDIA",,,Bank Reciept,14,27642,
16-Apr-24,"CEO,Maharashtra Medical Goods Procurement Authority",,,Bank Reciept,15,2200000,
16-Apr-24,"CEO,Maharashtra Medical Goods Procurement Authority",,,Bank Reciept,16,964507,
16-Apr-24,Shree Pharma Diagnostics &Surgical Nanded,,,Bank Reciept,17,39283,
16-Apr-24,Travelling Exp.,,,Bank Payment,59,,1300
16-Apr-24,Cash,,,Bank Payment,60,,10000
16-Apr-24,Bank Charges,,,Bank Payment,61,,24.78
16-Apr-24,Bank Charges,,,Bank Payment,62,,11.8
16-Apr-24,Cash,,,Bank Payment,63,,20000
17-Apr-24,Travelling Exp.,,,Bank Payment,64,,631
17-Apr-24,Office Exp.,,,Bank Payment,65,,30000
17-Apr-24,Cash,,,Bank Payment,66,,10000
17-Apr-24,"BIOMERIEUX INDIA PVT. LTD ,THANE",,,Bank Payment,67,,2900
17-Apr-24,Travelling Exp.,,,Bank Payment,68,,14
17-Apr-24,Office Exp.,,,Bank Payment,69,,60
17-Apr-24,Bank Charges,,,Bank Payment,70,,24.78
18-Apr-24,Star Diagnostic Equipment Bhandara,,,Bank Reciept,18,11960,
18-Apr-24,Darshan Kabra,,,Bank Payment,71,,122601
18-Apr-24,Darshan Kabra,,,Bank Reciept,19,122601,
18-Apr-24,Cash,,,Bank Payment,72,,20000
18-Apr-24,Proprietor Capital A/c - Santosh Rathi,,,Bank Payment,73,,2000
18-Apr-24,ROCHE DIAGNOSTICS INDIA PVT. LTD.,,,Bank Payment,74,,50000
18-Apr-24,Fast Tag & Diesel Exp,,,Bank Payment,75,,1810.6
18-Apr-24,Electricity Charges,,,Bank Payment,76,,11260
18-Apr-24,PRANAY OFFICE EXPENSES,,,Bank Payment,77,,1000
18-Apr-24,Travelling Exp.,,,Bank Payment,78,,2200
18-Apr-24,Bank Charges,,,Bank Payment,79,,17.41
18-Apr-24,ASK DIAGNOSTICS NAGPUR,,,Bank Reciept,20,8048,
20-Apr-24,Darshan Kabra,,,Bank Payment,80,,122601
20-Apr-24,"National Cancer Institute, Jamtha",,,Bank Reciept,21,61310,
20-Apr-24,"ATHARVA DIAGNOSTICS,RAMESHWARI NAGPUR",,,Bank Reciept,22,5656,
20-Apr-24,Bank Charges,,,Bank Payment,81,,17.41
20-Apr-24,VEHICLE EXP.,,,Bank Payment,82,,906
20-Apr-24,ROCHE DIAGNOSTICS INDIA PVT. LTD.,,,Bank Payment,83,,37296
21-Apr-24,ROCHE DIAGNOSTICS INDIA PVT. LTD.,,,Bank Payment,84,,17136
21-Apr-24,Bank Charges,,,Bank Payment,85,,28.91
22-Apr-24,"BIOMERIEUX INDIA PVT. LTD ,THANE",,,Bank Payment,86,,62895
22-Apr-24,"Sunil Bhattad, Amrawati",,,Bank Payment,87,,200000
22-Apr-24,Bank Charges,,,Bank Payment,88,,5.61
22-Apr-24,ROCHE DIAGNOSTICS INDIA PVT. LTD.,,,Bank Payment,89,,53040
22-Apr-24,Repairs & Maintenance,,,Bank Payment,90,,350
23-Apr-24,"SAI MEDI LAB, NAGPUR",,,Bank Reciept,23,1915,
23-Apr-24,KRUSHNARPAN ENTERPRISES,,,Bank Reciept,24,8725,
23-Apr-24,Roche Diagnostics India Private Limited,,,Bank Payment,91,,149058
23-Apr-24,Analytics Nagpur,,,Bank Reciept,25,32615,
23-Apr-24,DELTA LAB PVT. LTD.,,,Bank Payment,92,,50148
23-Apr-24,Bank Charges,,,Bank Payment,93,,17.41
23-Apr-24,Office Exp.,,,Bank Payment,94,,1000
23-Apr-24,Office Exp.,,,Bank Payment,95,,1000
23-Apr-24,Proprietor Capital A/c - Santosh Rathi,,,Bank Payment,96,,10000
24-Apr-24,Karanja Computerised Clinical Lab,,,Bank Reciept,26,269,
24-Apr-24,Travelling Exp.,,,Bank Payment,97,,287
24-Apr-24,Cash,,,Bank Payment,98,,50000
24-Apr-24,Fast Tag & Diesel Exp,,,Bank Payment,99,,905
25-Apr-24,"LABSYS DAIGNOSTICS ,NAGPUR",,,Bank Reciept,27,10000,
25-Apr-24,Fast Tag & Diesel Exp,,,Bank Payment,100,,500
25-Apr-24,Fast Tag & Diesel Exp,,,Bank Payment,101,,907
26-Apr-24,Proprietor Capital A/c - Santosh Rathi,,,Bank Payment,102,,15000
27-Apr-24,MOBILE BILL,,,Bank Payment,103,,588.82
27-Apr-24,Proprietor Capital A/c - Santosh Rathi,,,Bank Payment,104,,765
27-Apr-24,H.D.F.C. Housing Loan (Nirman),,,Bank Payment,105,,17295
27-Apr-24,H.D.F.C.Housing Loan (Vasundhara),,,Bank Payment,106,,40338
27-Apr-24,PRANAY OFFICE EXPENSES,,,Bank Payment,107,,1000
27-Apr-24,Proprietor Capital A/c - Santosh Rathi,,,Bank Reciept,28,765,
27-Apr-24,Proprietor Capital A/c - Santosh Rathi,,,Bank Payment,108,,765
28-Apr-24,Fast Tag & Diesel Exp,,,Bank Payment,109,,1810
29-Apr-24,KALIKA ENTERPRISES KHAMGAON,,,Bank Reciept,29,22000,
29-Apr-24,"RST REGIONAL CANCER HOSPITAL, NAGPUR",,,Bank Reciept,30,204784,
29-Apr-24,Advance Salary,,,Bank Payment,110,,2000
30-Apr-24,YAVATMAL URBAN BANK,,,Bank Payment,111,,2100000
30-Apr-24,SGE BIOMEDIX,,,Bank Payment,112,,100000
30-Apr-24,Bank Charges,,,Bank Payment,113,,58.41
30-Apr-24,Cash,,,Bank Payment,114,,45000
30-Apr-24,Bank Charges,,,Bank Payment,115,,5.61
30-Apr-24,"BIOMERIEUX INDIA PVT. LTD ,THANE",,,Bank Payment,116,,40600
30-Apr-24,PRANAY OFFICE EXPENSES,,,Bank Payment,117,,1000
1-May-24,DELTA LAB PVT. LTD.,,,Bank Payment,118,,137273
1-May-24,Proprietor Capital A/c - Santosh Rathi,,,Bank Payment,119,,42000
1-May-24,DELTA LAB PVT. LTD.,,,Bank Payment,120,,98812
2-May-24,"SHREE GAJANAN DISTRIBUTORS, BADNERA",,,Bank Reciept,31,19453,
2-May-24,Samarth Diagnostic Chikhli,,,Bank Reciept,32,11452,
3-May-24,"LABSYS DAIGNOSTICS ,NAGPUR",,,Bank Reciept,33,10000,
3-May-24,MANGALMURTI DIAGNOSTICS & CHANAPUR,,,Bank Reciept,34,22462,
3-May-24,Fast Tag & Diesel Exp,,,Bank Payment,122,,905
4-May-24,Electricity Charges,,,Bank Payment,123,,6250
4-May-24,Proprietor Capital A/c - Santosh Rathi,,,Bank Payment,124,,17610
4-May-24,MOBILE BILL,,,Bank Payment,125,,1357.65
6-May-24,"Pragati Diagnostic Lab, Nagpur",,,Bank Reciept,35,2186,
6-May-24,"National Cancer Institute, Jamtha",,,Bank Reciept,36,500000,
6-May-24,SALARY EXP.,,,Bank Payment,126,,5000
7-May-24,"LABSYS DAIGNOSTICS ,NAGPUR",,,Bank Reciept,37,10000,
7-May-24,"LABSYS DAIGNOSTICS ,NAGPUR",,,Bank Reciept,38,10000,
7-May-24,Fast Tag & Diesel Exp,,,Bank Payment,127,,500
7-May-24,SGE BIOMEDIX,,,Bank Payment,128,,500000
7-May-24,Bank Charges,,,Bank Payment,129,,28.91
7-May-24,"LABSYS DAIGNOSTICS ,NAGPUR",,,Bank Payment,130,,10000
7-May-24,"LABSYS DAIGNOSTICS ,NAGPUR",,,Bank Payment,131,,177
7-May-24,Proprietor Capital A/c - Santosh Rathi,,,Bank Payment,132,,10
7-May-24,Proprietor Capital A/c - Santosh Rathi,,,Bank Payment,133,,4990
7-May-24,SALARY EXP.,,,Bank Payment,134,,9000
7-May-24,RAM RAUT FOR OFFICE EXPENSES,,,Bank Payment,135,,200
7-May-24,Fast Tag & Diesel Exp,,,Bank Payment,136,,905.3
7-May-24,Office Exp.,,,Bank Payment,137,,780
8-May-24,"ATHARVA DIAGNOSTICS,RAMESHWARI NAGPUR",,,Bank Reciept,39,9156,
8-May-24,RAM RAUT FOR OFFICE EXPENSES,,,Bank Payment,139,,2000
8-May-24,RAKESH BADGE NAGPUR,,,Bank Payment,140,,20000
8-May-24,Fast Tag & Diesel Exp,,,Bank Payment,141,,905
9-May-24,Office Exp.,,,Bank Payment,143,,50
9-May-24,"RST REGIONAL CANCER HOSPITAL, NAGPUR",,,Bank Reciept,40,4248,
10-May-24,(as per details),,,Journal,2,62622,
,GST DEDUCTED,,,,,1278,
,"THE DEAN, G.M.C. GONDIA",,,,,,63900
10-May-24,ROCHE DIAGNOSTICS INDIA PVT. LTD.,,,Bank Payment,144,,70000
11-May-24,Printing & Stationery Exp,,,Bank Payment,145,,1382.7
12-May-24,Fast Tag & Diesel Exp,,,Bank Payment,146,,500
12-May-24,ROCHE DIAGNOSTICS INDIA PVT. LTD.,,,Bank Payment,147,,40000
13-May-24,ROCHE DIAGNOSTICS INDIA PVT. LTD.,,,Bank Payment,148,,29384
14-May-24,"GOLDEN TULIP,NAGPUR",,,Bank Reciept,41,15000,
14-May-24,Office Exp.,,,Bank Payment,149,,20
14-May-24,SANTOSH RATHI PNB A/C No 1472000100352108,,,Bank Reciept,42,140000,
15-May-24,Bank Charges,,,Bank Payment,150,,17.41
15-May-24,ROCHE DIAGNOSTICS INDIA PVT. LTD.,,,Bank Payment,151,,145000
15-May-24,Fast Tag & Diesel Exp,,,Bank Payment,152,,1810
16-May-24,SALARY EXP.,,,Bank Payment,153,,5000
16-May-24,SALARY EXP.,,,Bank Payment,154,,10
16-May-24,SALARY EXP.,,,Bank Payment,155,,3890
16-May-24,G M C Chanapur,,,Bank Reciept,43,245355,
17-May-24,DELTA LAB PVT. LTD.,,,Bank Payment,156,,112918
17-May-24,Repairs & Maintenance,,,Bank Payment,157,,2100
17-May-24,UNSECURED  LOAN,,,Bank Reciept,44,600000,
17-May-24,Satyam Diagostic & Surgicals Nanded,,,Bank Reciept,45,8165,
18-May-24,Cash,,,Bank Reciept,46,200000,
18-May-24,Fast Tag & Diesel Exp,,,Bank Payment,158,,500
18-May-24,RAM RAUT FOR OFFICE EXPENSES,,,Bank Payment,159,,2000
18-May-24,Fast Tag & Diesel Exp,,,Bank Payment,160,,1834
20-May-24,"Amba Diagnostics Amravati,",,,Bank Reciept,47,10000,
20-May-24,ROCHE DIAGNOSTICS INDIA PVT. LTD.,,,Bank Payment,161,,92777
20-May-24,Proprietor Capital A/c - Santosh Rathi,,,Bank Payment,162,,1200
20-May-24,Bank Charges,,,Bank Payment,163,,28.91
21-May-24,ASPEN LABORATORIES PVT. LTD.,,,Bank Payment,164,,270844
21-May-24,"BIOMERIEUX INDIA PVT. LTD ,THANE",,,Bank Payment,165,,442050
22-May-24,Cash,,,Bank Reciept,48,120000,
22-May-24,SANTOSH RATHI PNB A/C No 1472000100352108,,,Bank Payment,166,,625000
22-May-24,UNSECURED  LOAN,,,Bank Reciept,49,400000,
22-May-24,Fast Tag & Diesel Exp,,,Bank Payment,167,,905
22-May-24,Repairs & Maintenance,,,Bank Payment,168,,1250
23-May-24,Shiv Enterprises Khamgaon,,,Bank Reciept,50,8680,
23-May-24,Shiv Enterprises Khamgaon,,,Bank Reciept,51,7352,
23-May-24,Shiv Enterprises Khamgaon,,,Bank Reciept,52,8680,
23-May-24,RAM RAUT FOR OFFICE EXPENSES,,,Bank Payment,169,,1000
24-May-24,(as per details),,,Journal,3,172409,
,IT DEDUTION,,,,,3664,
,GST DEDUCTED,,,,,3519,
,G M C Chanapur,,,,,,179592
24-May-24,G M C Chanapur,,,Bank Reciept,53,252427,
24-May-24,UNSECURED  LOAN,,,Bank Reciept,54,50000,
24-May-24,SANTOSH RATHI PNB A/C No 1472000100352108,,,Bank Payment,170,,60000
24-May-24,UNSECURED  LOAN,,,Bank Reciept,55,1,
25-May-24,Proprietor Capital A/c - Santosh Rathi,,,Bank Payment,171,,2000
26-May-24,SANTOSH RATHI PNB A/C No 1472000100352108,,,Bank Payment,172,,90000
26-May-24,Electricity Charges,,,Bank Payment,173,,13160
26-May-24,MOBILE BILL,,,Bank Payment,174,,588.82
27-May-24,Cash,,,Bank Payment,175,,25000
27-May-24,H.D.F.C. Housing Loan (Nirman),,,Bank Payment,176,,19061
27-May-24,H.D.F.C.Housing Loan (Vasundhara),,,Bank Payment,177,,43384
28-May-24,ANATPATH LABORATORIES NAGPUR,,,Bank Reciept,56,90000,
28-May-24,Santosh Rathi HUF Ac. No.23/7911,,,Bank Reciept,57,1320000,
28-May-24,"Aspen Diagnostic, Delhi",,,Bank Payment,178,,52080
28-May-24,ROCHE DIAGNOSTICS INDIA PVT. LTD.,,,Bank Payment,179,,1530000
28-May-24,Bank Charges,,,Bank Payment,180,,58.41
28-May-24,KARANJA CLINICAL LAB,,,Bank Reciept,58,1520,
28-May-24,Travelling Exp.,,,Bank Payment,181,,3773.6
28-May-24,DELTA LAB PVT. LTD.,,,Bank Payment,182,,53110
28-May-24,CAR REPARING  EXP,,,Bank Payment,183,,450
28-May-24,Fast Tag & Diesel Exp,,,Bank Payment,184,,905
29-May-24,RAM RAUT FOR OFFICE EXPENSES,,,Bank Payment,185,,1000
29-May-24,Travelling Exp.,,,Bank Payment,186,,600
29-May-24,I. J. HEALTHCARE,,,Bank Reciept,59,6421,
30-May-24,Proprietor Capital A/c - Santosh Rathi,,,Bank Payment,187,,100
30-May-24,Proprietor Capital A/c - Santosh Rathi,,,Bank Payment,188,,30000
30-May-24,Darshan Kabra,,,Bank Payment,189,,9270
30-May-24,Cash,,,Bank Payment,190,,10000
30-May-24,Bank Charges,,,Bank Payment,191,,24.78
30-May-24,"INNO HEALTHCARE, AKOLA",,,Bank Reciept,60,18566,
30-May-24,Cash,,,Bank Reciept,61,10000,
30-May-24,Bank Charges,,,Bank Reciept,62,24.78,
30-May-24,Cash,,,Bank Payment,192,,10000
30-May-24,Bank Charges,,,Bank Payment,193,,24.78
30-May-24,Travelling Exp.,,,Bank Payment,194,,725
31-May-24,H.C.G. HOSPITAL AUTOMOTIVE CHAWK KAMPTEE ROAD NAGPU,,,Bank Reciept,63,93617,
31-May-24,SANTOSH RATHI PNB A/C No 1472000100352108,,,Bank Reciept,64,50000,
31-May-24,H.D.F.C. Housing Loan (Nirman),,,Bank Payment,195,,19061
31-May-24,H.D.F.C.Housing Loan (Vasundhara),,,Bank Payment,196,,43384
1-Jun-24,"National Cancer Institute, Jamtha",,,Bank Reciept,65,86000,
1-Jun-24,"SHIV SAI PHARMA, NANDED",,,Bank Reciept,66,30000,
1-Jun-24,KRUSHNARPAN ENTERPRISES,,,Bank Reciept,67,8076,
1-Jun-24,"SHREE GAJANAN DISTRIBUTORS, BADNERA",,,Bank Reciept,68,23936,
3-Jun-24,Office Exp.,,,Bank Payment,197,,1452
3-Jun-24,Fast Tag & Diesel Exp,,,Bank Payment,198,,905
3-Jun-24,DELTA LAB PVT. LTD.,,,Bank Payment,199,,76261
4-Jun-24,Tea & Snacks,,,Bank Payment,200,,80
4-Jun-24,RAM RAUT FOR OFFICE EXPENSES,,,Bank Payment,201,,1000
4-Jun-24,Travelling Exp.,,,Bank Payment,202,,9325
4-Jun-24,SPONSARSHIP EXPENSES,,,Bank Payment,203,,100
4-Jun-24,Suspence,,,Bank Reciept,69,3620,
5-Jun-24,Proprietor Capital A/c - Santosh Rathi,,,Bank Payment,204,,10000
5-Jun-24,SPONSARSHIP EXPENSES,,,Bank Payment,205,,9800
5-Jun-24,Travelling Exp.,,,Bank Payment,206,,170
5-Jun-24,SPONSARSHIP EXPENSES,,,Bank Payment,207,,100
6-Jun-24,VARSHA RATHI,,,Bank Payment,208,,15000
7-Jun-24,"National Cancer Institute, Jamtha",,,Bank Reciept,70,200000,
7-Jun-24,RAM RAUT FOR OFFICE EXPENSES,,,Bank Payment,209,,1000
7-Jun-24,ROCHE DIAGNOSTICS INDIA PVT. LTD.,,,Bank Payment,210,,80000
7-Jun-24,"National Cancer Institute, Jamtha",,,Bank Reciept,71,74651,
8-Jun-24,SALARY EXP.,,,Bank Payment,211,,12000
8-Jun-24,RAM RAUT FOR OFFICE EXPENSES,,,Bank Payment,212,,1000
9-Jun-24,Bank Charges,,,Bank Payment,213,,295
9-Jun-24,Bank Charges,,,Bank Payment,214,,25
9-Jun-24,ROCHE DIAGNOSTICS INDIA PVT. LTD.,,,Bank Payment,215,,80000
10-Jun-24,VIDARBHA BIOSCIENCES NAGPUR,,,Bank Reciept,72,13026,
11-Jun-24,Shiv Enterprises Khamgaon,,,Bank Reciept,73,6171,
11-Jun-24,Fast Tag & Diesel Exp,,,Bank Payment,216,,208
11-Jun-24,Office Exp.,,,Bank Payment,217,,2000
11-Jun-24,Cash,,,Bank Payment,218,,60000
11-Jun-24,SALARY EXP.,,,Bank Payment,219,,5000
11-Jun-24,"National Cancer Institute, Jamtha",,,Bank Reciept,74,76910,
11-Jun-24,Office Exp.,,,Bank Payment,220,,2000
12-Jun-24,ROCHE DIAGNOSTICS INDIA PVT. LTD.,,,Bank Payment,221,,190000
12-Jun-24,Bank Charges,,,Bank Payment,222,,17.41
12-Jun-24,SPONSARSHIP EXPENSES,,,Bank Payment,223,,3325
12-Jun-24,"BIOMERIEUX INDIA PVT. LTD ,THANE",,,Bank Payment,224,,533900
13-Jun-24,SANTOSH RATHI PNB A/C No 1472000100352108,,,Bank Reciept,75,500000,
13-Jun-24,Bank Charges,,,Bank Payment,225,,58.41
13-Jun-24,RAM RAUT FOR OFFICE EXPENSES,,,Bank Payment,226,,2000
13-Jun-24,SALARY EXP.,,,Bank Payment,227,,5000
14-Jun-24,"National Cancer Institute, Jamtha",,,Bank Reciept,76,86193,
15-Jun-24,Fast Tag & Diesel Exp,,,Bank Payment,228,,905
15-Jun-24,"Aspen Diagnostic, Delhi",,,Bank Payment,229,,62025
15-Jun-24,RAM RAUT FOR OFFICE EXPENSES,,,Bank Payment,230,,1000
16-Jun-24,EMD AIIMS GEM 4934550,,,Bank Payment,231,,30000
16-Jun-24,TENDER PROCESSING FEE,,,Bank Payment,232,,5700
18-Jun-24,ROCHE DIAGNOSTICS INDIA PVT. LTD.,,,Bank Payment,233,,77580
18-Jun-24,Bank Charges,,,Bank Payment,234,,5.61
18-Jun-24,Rapid Diagnostic Pvt. Ltd.,,,Bank Payment,235,,19264
18-Jun-24,SANTOSH RATHI PNB A/C No 1472000100352108,,,Bank Reciept,77,100000,
18-Jun-24,"THE DIRECTOR,ALL INDIA INSTITUTE OF MEDICAL SCIENCE",,,Bank Reciept,78,95786,
18-Jun-24,Proprietor Capital A/c - Santosh Rathi,,,Bank Payment,236,,11200
18-Jun-24,Travelling Exp.,,,Bank Payment,237,,3500
19-Jun-24,Proprietor Capital A/c - Santosh Rathi,,,Bank Payment,238,,23400
19-Jun-24,"BIOMERIEUX INDIA PVT. LTD ,THANE",,,Bank Payment,239,,14000
19-Jun-24,"THE DIRECTOR,ALL INDIA INSTITUTE OF MEDICAL SCIENCE",,,Bank Reciept,79,2268364,
20-Jun-24,ROCHE DIAGNOSTICS INDIA PVT. LTD.,,,Bank Payment,240,,12000
20-Jun-24,Super Speciality Hospital Nagpur,,,Bank Reciept,80,111726,
21-Jun-24,"BIOMERIEUX INDIA PVT. LTD ,THANE",,,Bank Payment,241,,525000
21-Jun-24,Bank Charges,,,Bank Payment,242,,5.61
21-Jun-24,RAM RAUT FOR OFFICE EXPENSES,,,Bank Payment,243,,1000
21-Jun-24,Shree Pharma Diagnostics &Surgical Nanded,,,Bank Reciept,81,23539,
21-Jun-24,Bank Charges,,,Bank Payment,244,,28.91
21-Jun-24,"BECTON DICKINSON INDIA PVT. LTD, CHENNAI",,,Bank Payment,245,,252086
21-Jun-24,Bank Charges,,,Bank Payment,246,,58.41
21-Jun-24,"BECTON DICKINSON INDIA PVT. LTD, CHENNAI",,,Bank Payment,247,,30251
21-Jun-24,ROCHE DIAGNOSTICS INDIA PVT. LTD.,,,Bank Payment,248,,74865
21-Jun-24,H.C.G. HOSPITAL AUTOMOTIVE CHAWK KAMPTEE ROAD NAGPU,,,Bank Reciept,82,164632.64,
22-Jun-24,FREIGHT,,,Bank Payment,249,,2399
22-Jun-24,FREIGHT,,,Bank Payment,250,,1
22-Jun-24,Travelling Exp.,,,Bank Payment,251,,4539.95
23-Jun-24,Travelling Exp.,,,Bank Payment,252,,3654.95
23-Jun-24,Travelling Exp.,,,Bank Payment,253,,4149.95
23-Jun-24,Travelling Exp.,,,Bank Payment,254,,3654.95
23-Jun-24,Office Exp.,,,Bank Payment,255,,1264
24-Jun-24,ROCHE DIAGNOSTICS INDIA PVT. LTD.,,,Bank Payment,256,,231599
24-Jun-24,Cash,,,Bank Payment,257,,20000
24-Jun-24,Bank Charges,,,Bank Payment,258,,28.91
24-Jun-24,"RST REGIONAL CANCER HOSPITAL, NAGPUR",,,Bank Reciept,83,52940,
24-Jun-24,Proprietor Capital A/c - Santosh Rathi,,,Bank Payment,259,,15000
25-Jun-24,(as per details),,,Journal,4,111622,
,IT DEDUTION,,,,,2277,
,"THE DEAN, G.M.C. GONDIA",,,,,,113899
25-Jun-24,DELTA LAB PVT. LTD.,,,Bank Payment,260,,68611
25-Jun-24,Cash,,,Bank Payment,261,,40000
25-Jun-24,RAM RAUT FOR OFFICE EXPENSES,,,Bank Payment,262,,1000
26-Jun-24,"LABSYS DAIGNOSTICS ,NAGPUR",,,Bank Reciept,84,32906,
26-Jun-24,"LABSYS DAIGNOSTICS ,NAGPUR",,,Bank Payment,263,,32906
26-Jun-24,"LABSYS DAIGNOSTICS ,NAGPUR",,,Bank Payment,264,,177
27-Jun-24,"LABSYS DAIGNOSTICS ,NAGPUR",,,Bank Reciept,85,32906,
27-Jun-24,Proprietor Capital A/c - Santosh Rathi,,,Bank Payment,265,,2000
27-Jun-24,Proprietor Capital A/c - Santosh Rathi,,,Bank Payment,266,,2000
27-Jun-24,Proprietor Capital A/c - Santosh Rathi,,,Bank Payment,267,,2000
27-Jun-24,Proprietor Capital A/c - Santosh Rathi,,,Bank Payment,268,,1000
27-Jun-24,Travelling Exp.,,,Bank Payment,269,,280
27-Jun-24,Travelling Exp.,,,Bank Payment,270,,4500
27-Jun-24,Bank Charges,,,Bank Payment,271,,58.41
28-Jun-24,SANTOSH RATHI PNB A/C No 1472000100352108,,,Bank Payment,272,,700000
28-Jun-24,MSEB ELECTRICITY BILL,,,Bank Payment,273,,11870
29-Jun-24,Fast Tag & Diesel Exp,,,Bank Payment,274,,1358
29-Jun-24,I. J. HEALTHCARE,,,Bank Reciept,86,6003,
30-Jun-24,MSEB ELECTRICITY BILL,,,Bank Payment,275,,17740
30-Jun-24,Fast Tag & Diesel Exp,,,Bank Payment,276,,500
1-Jul-24,"National Cancer Institute, Jamtha",,,Bank Reciept,87,67477,
1-Jul-24,"National Cancer Institute, Jamtha",,,Bank Reciept,88,91174,
1-Jul-24,Samarth Diagnostic Chikhli,,,Bank Reciept,89,18112,
1-Jul-24,H.D.F.C.Housing Loan (Vasundhara),,,Bank Payment,278,,43384
1-Jul-24,MOBILE BILL,,,Bank Payment,279,,588.82
1-Jul-24,"BIOMERIEUX INDIA PVT. LTD ,THANE",,,Bank Payment,280,,231350
1-Jul-24,Bank Charges,,,Bank Payment,281,,28.91
1-Jul-24,ROCHE DIAGNOSTICS INDIA PVT. LTD.,,,Bank Payment,282,,14500
1-Jul-24,"PATHOKART DIAGNOSICS, NAGPUR",,,Bank Reciept,90,35000,
1-Jul-24,Jambulkar Path Lab Parshivani,,,Bank Reciept,91,8530,
1-Jul-24,Rachit Path Lab Nagpur,,,Bank Reciept,92,10305,
1-Jul-24,ROCHE DIAGNOSTICS INDIA PVT. LTD.,,,Bank Payment,283,,114876
1-Jul-24,Bank Charges,,,Bank Payment,284,,17.41
2-Jul-24,Avdhoot Path. Lab. Nagpur,,,Bank Reciept,93,7500,
3-Jul-24,(as per details),,,Journal,6,1060250,
,GST DEDUCTED,,,,,19236,
,THE DEAN  GOVT. MEDICAL COLLAGE NAGPUR,,,,,,1079486
3-Jul-24,DELTA LAB PVT. LTD.,,,Bank Payment,285,,176277
3-Jul-24,Travelling Exp.,,,Bank Payment,286,,5747
3-Jul-24,SALARY EXP.,,,Bank Payment,287,,4650
3-Jul-24,"INNO HEALTHCARE, AKOLA",,,Bank Reciept,94,10536,
3-Jul-24,"SHREE GAJANAN DISTRIBUTORS, BADNERA",,,Bank Reciept,95,21644,
4-Jul-24,Cash,,,Bank Payment,288,,30000
4-Jul-24,UNSECURED  LOAN,,,Bank Payment,289,,50000
4-Jul-24,RAM RAUT FOR OFFICE EXPENSES,,,Bank Payment,290,,1000
4-Jul-24,SALARY EXP.,,,Bank Payment,291,,11000
5-Jul-24,Travelling Exp.,,,Bank Payment,292,,2800
5-Jul-24,Travelling Exp.,,,Bank Payment,293,,170
5-Jul-24,Travelling Exp.,,,Bank Payment,294,,15
5-Jul-24,Travelling Exp.,,,Bank Payment,295,,20
5-Jul-24,Travelling Exp.,,,Bank Payment,296,,20
5-Jul-24,Travelling Exp.,,,Bank Payment,297,,2550
5-Jul-24,ROCHE DIAGNOSTICS INDIA PVT. LTD.,,,Bank Payment,298,,11000
6-Jul-24,SANTOSH RATHI PNB A/C No 1472000100352108,,,Bank Payment,299,,600000
7-Jul-24,Fast Tag & Diesel Exp,,,Bank Payment,300,,1358
7-Jul-24,CAR REPARING  EXP,,,Bank Payment,301,,200
7-Jul-24,Proprietor Capital A/c - Santosh Rathi,,,Bank Payment,302,,5000
7-Jul-24,Satyam Diagostic & Surgicals Nanded,,,Bank Reciept,96,25030,
8-Jul-24,ASPEN LABORATORIES PVT. LTD.,,,Bank Payment,303,,458920
9-Jul-24,Cash,,,Bank Payment,304,,10000
9-Jul-24,Bank Charges,,,Bank Payment,305,,24.78
10-Jul-24,"SHREE GAJANAN DISTRIBUTORS, BADNERA",,,Bank Reciept,97,21596,
10-Jul-24,MANGALMURTI DIAGNOSTICS & CHANAPUR,,,Bank Reciept,98,20000,
10-Jul-24,H.D.F.C. Housing Loan (Nirman),,,Bank Payment,306,,19061
10-Jul-24,THE DEAN  GOVT. MEDICAL COLLAGE NAGPUR,,,Bank Reciept,99,26880,
10-Jul-24,Travelling Exp.,,,Bank Payment,307,,205
10-Jul-24,Cash,,,Bank Payment,308,,10000
10-Jul-24,Bank Charges,,,Bank Payment,309,,24.78
10-Jul-24,Cash,,,Bank Payment,310,,10000
10-Jul-24,Bank Charges,,,Bank Payment,311,,24.78
10-Jul-24,ROCHE DIAGNOSTICS INDIA PVT. LTD.,,,Bank Payment,312,,14036
10-Jul-24,Hotel Expeness,,,Bank Payment,313,,947
10-Jul-24,YOU BROADBAND LTD,,,Bank Payment,314,,1416
11-Jul-24,Travelling Exp.,,,Bank Payment,315,,1300
11-Jul-24,Cash,,,Bank Payment,316,,10000
11-Jul-24,Bank Charges,,,Bank Payment,317,,24.78
11-Jul-24,Travelling Exp.,,,Bank Payment,318,,3600
11-Jul-24,RAM RAUT FOR OFFICE EXPENSES,,,Bank Payment,319,,1000
11-Jul-24,Travelling Exp.,,,Bank Payment,320,,3000
11-Jul-24,Travelling Exp.,,,Bank Payment,321,,1450
12-Jul-24,Travelling Exp.,,,Bank Payment,322,,3500
12-Jul-24,Travelling Exp.,,,Bank Payment,323,,270
12-Jul-24,"BIOMERIEUX INDIA PVT. LTD ,THANE",,,Bank Payment,324,,62790
13-Jul-24,Office Exp.,,,Bank Payment,325,,700
13-Jul-24,Fast Tag & Diesel Exp,,,Bank Payment,326,,1830
13-Jul-24,Office Exp.,,,Bank Payment,327,,1400
13-Jul-24,Bank Charges,,,Bank Payment,328,,29.5
15-Jul-24,"SHIV SAI PHARMA, NANDED",,,Bank Reciept,100,30000,
15-Jul-24,I. J. HEALTHCARE,,,Bank Reciept,101,5047,
15-Jul-24,ROCHE DIAGNOSTICS INDIA PVT. LTD.,,,Bank Payment,329,,15000
15-Jul-24,"Anubhav Path Lab 2, Nagpur",,,Bank Reciept,102,10000,
16-Jul-24,"Amba Diagnostics Amravati,",,,Bank Reciept,103,12810,
16-Jul-24,Shiv Enterprises Khamgaon,,,Bank Reciept,104,5673,
16-Jul-24,ROCHE DIAGNOSTICS INDIA PVT. LTD.,,,Bank Payment,330,,77660
16-Jul-24,"National Cancer Institute, Jamtha",,,Bank Reciept,105,44675,
16-Jul-24,RAM RAUT FOR OFFICE EXPENSES,,,Bank Payment,331,,1610
16-Jul-24,THE DEAN  GOVT. MEDICAL COLLAGE NAGPUR,,,Bank Reciept,106,75602,
16-Jul-24,SALARY EXP.,,,Bank Payment,332,,7484
16-Jul-24,RAM RAUT FOR OFFICE EXPENSES,,,Bank Payment,333,,1000
16-Jul-24,Proprietor Capital A/c - Santosh Rathi,,,Bank Payment,334,,1321
16-Jul-24,Proprietor Capital A/c - Santosh Rathi,,,Bank Payment,335,,233
16-Jul-24,Cash,,,Bank Payment,336,,15000
18-Jul-24,UNSECURED  LOAN,,,Bank Reciept,107,200000,
18-Jul-24,UNSECURED  LOAN,,,Bank Reciept,108,350000,
19-Jul-24,DELTA LAB PVT. LTD.,,,Bank Payment,337,,84448
19-Jul-24,Bank Charges,,,Bank Payment,338,,28.91
19-Jul-24,Proprietor Capital A/c - Santosh Rathi,,,Bank Payment,339,,590
19-Jul-24,Fast Tag & Diesel Exp,,,Bank Payment,340,,1810
19-Jul-24,ANATPATH LABORATORIES NAGPUR,,,Bank Reciept,109,100000,
19-Jul-24,"LABSYS DAIGNOSTICS ,NAGPUR",,,Bank Reciept,110,6469,
19-Jul-24,Bank Charges,,,Bank Payment,341,,17.41
19-Jul-24,"BIOMERIEUX INDIA PVT. LTD ,THANE",,,Bank Payment,342,,453100
19-Jul-24,Darshan Kabra,,,Bank Payment,343,,165988
19-Jul-24,MOBILE BILL,,,Bank Payment,344,,500
19-Jul-24,Cash,,,Bank Payment,345,,10000
19-Jul-24,Bank Charges,,,Bank Payment,346,,24.78
19-Jul-24,THE DEAN  GOVT. MEDICAL COLLAGE NAGPUR,,,Bank Reciept,111,56430,
21-Jul-24,Fast Tag & Diesel Exp,,,Bank Payment,347,,905
22-Jul-24,"National Cancer Institute, Jamtha",,,Bank Reciept,112,67000,
22-Jul-24,PRERNA KABRA,,,Bank Reciept,113,500000,
22-Jul-24,UNSECURED  LOAN,,,Bank Reciept,114,1000000,
22-Jul-24,Travelling Exp.,,,Bank Payment,348,,2000
22-Jul-24,ROCHE DIAGNOSTICS INDIA PVT. LTD.,,,Bank Payment,349,,36287
22-Jul-24,"SHREE GAJANAN DISTRIBUTORS, BADNERA",,,Bank Reciept,115,22387,
23-Jul-24,"GOLDEN TULIP,NAGPUR",,,Bank Reciept,116,14639,
23-Jul-24,RAM RAUT FOR OFFICE EXPENSES,,,Bank Payment,350,,1100
23-Jul-24,RAM RAUT FOR OFFICE EXPENSES,,,Bank Payment,351,,1000
23-Jul-24,ROCHE DIAGNOSTICS INDIA PVT. LTD.,,,Bank Payment,352,,1890576
23-Jul-24,Bank Charges,,,Bank Payment,353,,58.41
23-Jul-24,Travelling Exp.,,,Bank Payment,354,,900
23-Jul-24,SANTOSH RATHI PNB A/C No 1472000100352108,,,Bank Payment,355,,800000
23-Jul-24,ROCHE DIAGNOSTICS INDIA PVT. LTD.,,,Bank Payment,356,,13273
23-Jul-24,Travelling Exp.,,,Bank Payment,357,,820
23-Jul-24,PRERNA KABRA,,,Bank Reciept,117,350000,
23-Jul-24,PRERNA KABRA,,,Bank Reciept,118,500000,
24-Jul-24,Shree Pharma Diagnostics &Surgical Nanded,,,Bank Reciept,119,20155,
24-Jul-24,Travelling Exp.,,,Bank Payment,358,,3750
24-Jul-24,Travelling Exp.,,,Bank Payment,359,,1750
24-Jul-24,Suspence,,,Bank Reciept,120,15000,
24-Jul-24,SANTOSH RATHI PNB A/C No 1472000100352108,,,Bank Reciept,121,800000,
25-Jul-24,DELTA LAB PVT. LTD.,,,Bank Payment,360,,85204
25-Jul-24,Bank Charges,,,Bank Payment,361,,17.41
25-Jul-24,Office Exp.,,,Bank Payment,362,,100
25-Jul-24,ROCHE DIAGNOSTICS INDIA PVT. LTD.,,,Bank Payment,363,,19986
25-Jul-24,Amol Panpalia,,,Bank Reciept,122,500000,
25-Jul-24,"Pragati Diagnostic Lab, Nagpur",,,Bank Reciept,123,2792,
25-Jul-24,Suspence,,,Bank Payment,364,,1375
26-Jul-24,Proprietor Capital A/c - Santosh Rathi,,,Bank Reciept,124,50000,
26-Jul-24,SANTOSH RATHI PNB A/C No 1472000100352108,,,Bank Payment,365,,160000
26-Jul-24,Bank Charges,,,Bank Payment,366,,58.41
26-Jul-24,ROCHE DIAGNOSTICS INDIA PVT. LTD.,,,Bank Payment,367,,1656300
26-Jul-24,MOBILE BILL,,,Bank Payment,368,,588.82
26-Jul-24,RAM RAUT FOR OFFICE EXPENSES,,,Bank Payment,369,,1000
26-Jul-24,Amol Panpalia,,,Bank Reciept,125,500000,
27-Jul-24,RAM RAUT FOR OFFICE EXPENSES,,,Bank Payment,370,,1000
28-Jul-24,Suspence,,,Bank Reciept,126,3556.08,
28-Jul-24,Hotel Expeness,,,Bank Payment,371,,2500
28-Jul-24,Hotel Expeness,,,Bank Payment,372,,600
28-Jul-24,Travelling Exp.,,,Bank Payment,373,,188
28-Jul-24,Travelling Exp.,,,Bank Payment,374,,214
28-Jul-24,Travelling Exp.,,,Bank Payment,375,,202
28-Jul-24,Hotel Expeness,,,Bank Payment,376,,1335
29-Jul-24,Travelling Exp.,,,Bank Payment,377,,150
30-Jul-24,Proprietor Capital A/c - Santosh Rathi,,,Bank Reciept,127,650000,
30-Jul-24,"BIOMERIEUX INDIA PVT. LTD ,THANE",,,Bank Payment,378,,648415
30-Jul-24,Bank Charges,,,Bank Payment,379,,58.41
31-Jul-24,"LIFE SAVING DIAGNOSTICS & PHARMASURGICAL, NAGPUR",,,Bank Reciept,128,10214,
31-Jul-24,I. J. HEALTHCARE,,,Bank Reciept,129,6294,
31-Jul-24,"National Cancer Institute, Jamtha",,,Bank Reciept,130,88714,
31-Jul-24,H.D.F.C. Housing Loan (Nirman),,,Bank Payment,380,,19061
31-Jul-24,RAM RAUT FOR OFFICE EXPENSES,,,Bank Payment,381,,1000
1-Aug-24,Samarth Diagnostic Chikhli,,,Bank Reciept,131,5712,
1-Aug-24,Travelling Exp.,,,Bank Payment,382,,1500
1-Aug-24,NORTHWIND TRADERS,,,Bank Payment,383,,2760
1-Aug-24,Travelling Exp.,,,Bank Payment,384,,1075
1-Aug-24,H.D.F.C.Housing Loan (Vasundhara),,,Bank Payment,385,,43384
1-Aug-24,Travelling Exp.,,,Bank Payment,386,,120
1-Aug-24,Travelling Exp.,,,Bank Payment,387,,2500
2-Aug-24,Travelling Exp.,,,Bank Payment,388,,700
2-Aug-24,RAM RAUT FOR OFFICE EXPENSES,,,Bank Payment,389,,1000
3-Aug-24,Satyam Diagostic & Surgicals Nanded,,,Bank Reciept,132,11514,
4-Aug-24,Fast Tag & Diesel Exp,,,Bank Payment,390,,905
5-Aug-24,"SHREE GAJANAN DISTRIBUTORS, BADNERA",,,Bank Reciept,133,28778,
5-Aug-24,"National Cancer Institute, Jamtha",,,Bank Reciept,134,76516,
5-Aug-24,Cash,,,Bank Payment,391,,30000
6-Aug-24,N V DIAGNOSTIC,,,Bank Reciept,135,4000,
6-Aug-24,ROCHE DIAGNOSTICS INDIA PVT. LTD.,,,Bank Payment,392,,83866
6-Aug-24,Office Exp.,,,Bank Payment,393,,20
7-Aug-24,I. J. HEALTHCARE,,,Bank Reciept,136,4614,
7-Aug-24,Proprietor Capital A/c - Santosh Rathi,,,Bank Payment,394,,5000
7-Aug-24,Bank Charges,,,Bank Payment,395,,236
7-Aug-24,"RST REGIONAL CANCER HOSPITAL, NAGPUR",,,Bank Reciept,137,5900,
7-Aug-24,RAM RAUT FOR OFFICE EXPENSES,,,Bank Payment,396,,1000
7-Aug-24,SALARY EXP.,,,Bank Payment,397,,11000
7-Aug-24,SALARY EXP.,,,Bank Payment,398,,10000
8-Aug-24,INSTITUTE OF SURGICAL PATHOLOGY,,,Bank Reciept,138,150000,
8-Aug-24,Proprietor Capital A/c - Santosh Rathi,,,Bank Payment,399,,20000
8-Aug-24,ROCHE DIAGNOSTICS INDIA PVT. LTD.,,,Bank Payment,400,,29166
8-Aug-24,Proprietor Capital A/c - Santosh Rathi,,,Bank Payment,401,,8000
9-Aug-24,KALIKA ENTERPRISES KHAMGAON,,,Bank Reciept,139,30201,
9-Aug-24,MSEB ELECTRICITY BILL,,,Bank Payment,402,,6760
9-Aug-24,I. J. HEALTHCARE,,,Bank Reciept,140,6877,
9-Aug-24,NIDAAN PATHOLOGY,,,Bank Reciept,141,4256,
9-Aug-24,Santosh Rathi HUF Ac. No.23/7911,,,Bank Payment,403,,150000
9-Aug-24,RAM RAUT FOR OFFICE EXPENSES,,,Bank Payment,404,,2000
9-Aug-24,Fast Tag & Diesel Exp,,,Bank Payment,405,,905
12-Aug-24,"SHIV SAI PHARMA, NANDED",,,Bank Reciept,142,30000,
12-Aug-24,H.C.G. HOSPITAL AUTOMOTIVE CHAWK KAMPTEE ROAD NAGPU,,,Bank Reciept,143,17169,
12-Aug-24,Proprietor Capital A/c - Santosh Rathi,,,Bank Payment,406,,3000
12-Aug-24,Proprietor Capital A/c - Santosh Rathi,,,Bank Payment,407,,5000
13-Aug-24,"INNO HEALTHCARE, AKOLA",,,Bank Reciept,144,19484,
13-Aug-24,SANTOSH RATHI PNB A/C No 1472000100352108,,,Bank Reciept,145,350000,
13-Aug-24,Cash,,,Bank Payment,408,,10000
13-Aug-24,ROCHE DIAGNOSTICS INDIA PVT. LTD.,,,Bank Payment,409,,389091
13-Aug-24,Bank Charges,,,Bank Payment,410,,28.91
13-Aug-24,Proprietor Capital A/c - Santosh Rathi,,,Bank Payment,411,,2500
13-Aug-24,Telephone Exp.,,,Bank Payment,412,,19
13-Aug-24,Proprietor Capital A/c - Santosh Rathi,,,Bank Payment,413,,423
13-Aug-24,Proprietor Capital A/c - Santosh Rathi,,,Bank Payment,414,,75000
13-Aug-24,ANATPATH LABORATORIES NAGPUR,,,Bank Reciept,146,150000,
14-Aug-24,.Vishal Narode Yavatmal,,,Bank Reciept,147,50000,
14-Aug-24,Proprietor Capital A/c - Santosh Rathi,,,Bank Payment,416,,50000
14-Aug-24,Cash,,,Bank Payment,417,,20000
14-Aug-24,DELTA LAB PVT. LTD.,,,Bank Payment,418,,68790
14-Aug-24,Bank Charges,,,Bank Payment,419,,5.61
14-Aug-24,Santosh Rathi HUF Ac. No.23/7911,,,Bank Payment,420,,50000
14-Aug-24,RAM RAUT FOR OFFICE EXPENSES,,,Bank Payment,421,,1000
14-Aug-24,"GOLDEN TULIP,NAGPUR",,,Bank Reciept,148,3640,
15-Aug-24,.Vishal Narode Yavatmal,,,Bank Reciept,149,100000,
15-Aug-24,Suspence,,,Bank Reciept,150,171,
16-Aug-24,"National Cancer Institute, Jamtha",,,Bank Reciept,151,89164,
16-Aug-24,Rachit Path Lab Nagpur,,,Bank Reciept,152,12000,
16-Aug-24,Analytics Nagpur,,,Bank Reciept,153,44256,
16-Aug-24,.Vishal Narode Yavatmal,,,Bank Reciept,154,50000,
17-Aug-24,Jambulkar Path Lab Parshivani,,,Bank Reciept,155,6000,
17-Aug-24,DELTA LAB PVT. LTD.,,,Bank Payment,423,,92926
17-Aug-24,Postage & Courier Charges,,,Bank Payment,424,,1919
17-Aug-24,Postage & Courier Charges,,,Bank Payment,425,,1
18-Aug-24,Fast Tag & Diesel Exp,,,Bank Payment,426,,905
18-Aug-24,Fast Tag & Diesel Exp,,,Bank Payment,427,,208
18-Aug-24,CAR REPARING  EXP,,,Bank Payment,428,,10500
19-Aug-24,Amol Panpalia,,,Bank Payment,429,,200000
19-Aug-24,H.C.G. HOSPITAL AUTOMOTIVE CHAWK KAMPTEE ROAD NAGPU,,,Bank Reciept,156,41419,
19-Aug-24,"ROHANKAR CLINICAL LAB, TUMSAR",,,Bank Reciept,157,10000,
19-Aug-24,Proprietor Capital A/c - Santosh Rathi,,,Bank Payment,430,,40000
19-Aug-24,Bank Charges,,,Bank Payment,431,,28.91
19-Aug-24,ROCHE DIAGNOSTICS INDIA PVT. LTD.,,,Bank Payment,432,,20000
19-Aug-24,Suspence,,,Bank Payment,433,,1810
19-Aug-24,RAM RAUT FOR OFFICE EXPENSES,,,Bank Payment,434,,1000
21-Aug-24,"Pragati Diagnostic Lab, Nagpur",,,Bank Reciept,158,2000,
21-Aug-24,Rapid Diagnostic Pvt. Ltd.,,,Bank Payment,435,,11790
21-Aug-24,"LABSYS DAIGNOSTICS ,NAGPUR",,,Bank Reciept,159,10074,
22-Aug-24,Avdhoot Path. Lab. Nagpur,,,Bank Reciept,160,6356,
22-Aug-24,Fast Tag & Diesel Exp,,,Bank Payment,436,,208
22-Aug-24,Cash,,,Bank Reciept,161,82000,
22-Aug-24,Proprietor Capital A/c - Santosh Rathi,,,Bank Reciept,162,10000,
22-Aug-24,Bank Charges,,,Bank Payment,437,,17.41
22-Aug-24,KRUSHNARPAN ENTERPRISES,,,Bank Reciept,163,5544,
22-Aug-24,"BIOMERIEUX INDIA PVT. LTD ,THANE",,,Bank Payment,438,,119760
22-Aug-24,Travelling Exp.,,,Bank Payment,439,,3826
23-Aug-24,RAM RAUT FOR OFFICE EXPENSES,,,Bank Payment,440,,1000
24-Aug-24,Shiv Enterprises Khamgaon,,,Bank Reciept,164,9330,
24-Aug-24,Shiv Enterprises Khamgaon,,,Bank Reciept,165,7721,
24-Aug-24,Suspence,,,Bank Reciept,166,50000,
24-Aug-24,Suspence,,,Bank Payment,441,,1000
24-Aug-24,Cash,,,Bank Payment,442,,15000
24-Aug-24,Cash,,,Bank Payment,443,,15000
25-Aug-24,Fast Tag & Diesel Exp,,,Bank Payment,444,,208
25-Aug-24,Cash,,,Bank Payment,445,,15000
25-Aug-24,Suspence,,,Bank Payment,446,,1000
26-Aug-24,Suspence,,,Bank Reciept,167,7500,
26-Aug-24,"RST REGIONAL CANCER HOSPITAL, NAGPUR",,,Bank Reciept,168,78530,
26-Aug-24,Fast Tag & Diesel Exp,,,Bank Payment,447,,3166
26-Aug-24,ROCHE DIAGNOSTICS INDIA PVT. LTD.,,,Bank Payment,448,,10000
26-Aug-24,ROCHE DIAGNOSTICS INDIA PVT. LTD.,,,Bank Payment,449,,7600
26-Aug-24,Amol Panpalia,,,Bank Payment,450,,7500
26-Aug-24,Suspence,,,Bank Payment,451,,500
27-Aug-24,"National Cancer Institute, Jamtha",,,Bank Reciept,169,100083,
27-Aug-24,MANGALMURTI DIAGNOSTICS & CHANAPUR,,,Bank Reciept,170,22000,
27-Aug-24,N V DIAGNOSTIC,,,Bank Reciept,171,4000,
27-Aug-24,DELTA LAB PVT. LTD.,,,Bank Payment,452,,78008
27-Aug-24,ROCHE DIAGNOSTICS INDIA PVT. LTD.,,,Bank Payment,453,,20540
28-Aug-24,Suspence,,,Bank Payment,454,,52500
28-Aug-24,ICON ENTERPRISES,,,Bank Reciept,172,4894,
28-Aug-24,Shree Pharma Diagnostics &Surgical Nanded,,,Bank Reciept,173,31564,
28-Aug-24,"National Cancer Institute, Jamtha",,,Bank Reciept,174,500000,
28-Aug-24,Travelling Exp.,,,Bank Payment,455,,850
29-Aug-24,RAM RAUT FOR OFFICE EXPENSES,,,Bank Payment,456,,1000
29-Aug-24,INSTITUTE OF SURGICAL PATHOLOGY,,,Bank Reciept,175,107346,
29-Aug-24,SANTOSH RATHI PNB A/C No 1472000100352108,,,Bank Payment,457,,400000
29-Aug-24,Amol Panpalia,,,Bank Payment,458,,150000
29-Aug-24,ROCHE DIAGNOSTICS INDIA PVT. LTD.,,,Bank Payment,459,,35000
29-Aug-24,I. J. HEALTHCARE,,,Bank Reciept,176,4826,
29-Aug-24,Bank Charges,,,Bank Payment,460,,17.41
30-Aug-24,Cash,,,Bank Payment,461,,12000
30-Aug-24,Proprietor Capital A/c - Santosh Rathi,,,Bank Reciept,177,125000,
30-Aug-24,Fast Tag & Diesel Exp,,,Bank Payment,462,,905.3
30-Aug-24,ROCHE DIAGNOSTICS INDIA PVT. LTD.,,,Bank Payment,463,,221892
30-Aug-24,Bank Charges,,,Bank Payment,464,,28.91
30-Aug-24,ROCHE DIAGNOSTICS INDIA PVT. LTD.,,,Bank Payment,465,,118843
30-Aug-24,Suspence,,,Bank Payment,466,,588.82
30-Aug-24,Proprietor Capital A/c - Santosh Rathi,,,Bank Reciept,178,135000,
30-Aug-24,Bank Charges,,,Bank Payment,467,,17.41
31-Aug-24,Ganesh Clinical Lab Nanded,,,Bank Reciept,179,8000,
31-Aug-24,Suspence,,,Bank Payment,468,,802
31-Aug-24,Travelling Exp.,,,Bank Payment,469,,3827
1-Sep-24,"SAI MEDI LAB, NAGPUR",,,Bank Reciept,180,1357,
1-Sep-24,Electricity Charges,,,Bank Payment,470,,3000
1-Sep-24,Suspence,,,Bank Reciept,181,3620,
1-Sep-24,Suspence,,,Bank Payment,471,,3000
1-Sep-24,Travelling Exp.,,,Bank Payment,472,,3546
1-Sep-24,Suspence,,,Bank Payment,473,,815
1-Sep-24,Cash,,,Bank Payment,474,,50000
2-Sep-24,Samarth Diagnostic Chikhli,,,Bank Reciept,182,12040,
2-Sep-24,Suspence,,,Bank Reciept,183,25000,
2-Sep-24,Suspence,,,Bank Reciept,184,3340,
3-Sep-24,"SHREE GAJANAN DISTRIBUTORS, BADNERA",,,Bank Reciept,185,22204,
3-Sep-24,"PATHOKART DIAGNOSICS, NAGPUR",,,Bank Reciept,186,30000,
3-Sep-24,HUMANCARE PHARMA DISTRIBUTORS,,,Bank Reciept,187,6018,
3-Sep-24,RAM RAUT FOR OFFICE EXPENSES,,,Bank Payment,475,,1500
3-Sep-24,Suspence,,,Bank Payment,476,,360
3-Sep-24,DELTA LAB PVT. LTD.,,,Bank Payment,477,,81172
5-Sep-24,Bank Charges,,,Bank Payment,478,,236
5-Sep-24,Suspence,,,Bank Payment,479,,3285
5-Sep-24,"SHIV SAI PHARMA, NANDED",,,Bank Reciept,188,20000,
5-Sep-24,Suspence,,,Bank Payment,480,,1200
5-Sep-24,Suspence,,,Bank Payment,481,,1465
5-Sep-24,Satyam Diagostic & Surgicals Nanded,,,Bank Reciept,189,15680,
6-Sep-24,(as per details),,,Journal,8,1224645,
,IT DEDUTION,,,,,24993,
,IGGMC Nagpur,,,,,,1249638
6-Sep-24,"National Cancer Institute, Jamtha",,,Bank Reciept,190,114463,
6-Sep-24,"National Cancer Institute, Jamtha",,,Bank Reciept,191,174227,
6-Sep-24,Om Clinical Lab Nanded,,,Bank Reciept,192,2250,
6-Sep-24,Bank Charges,,,Bank Payment,482,,2250
6-Sep-24,RAM RAUT FOR OFFICE EXPENSES,,,Bank Payment,483,,1000
6-Sep-24,Bank Charges,,,Bank Payment,484,,177
6-Sep-24,"ATHARVA DIAGNOSTICS,RAMESHWARI NAGPUR",,,Bank Reciept,193,10000,
7-Sep-24,SALARY EXP.,,,Bank Payment,485,,12000
7-Sep-24,SALARY EXP.,,,Bank Payment,486,,10000
8-Sep-24,Cash,,,Bank Payment,487,,15000
8-Sep-24,Cash,,,Bank Reciept,194,15000,
8-Sep-24,Cash,,,Bank Payment,488,,15000
9-Sep-24,"Amba Diagnostics Amravati,",,,Bank Reciept,195,19064,
10-Sep-24,Suspence,,,Bank Reciept,196,15680,
10-Sep-24,"National Cancer Institute, Jamtha",,,Bank Reciept,197,103091,
10-Sep-24,Proprietor Capital A/c - Santosh Rathi,,,Bank Payment,489,,1000000
10-Sep-24,Bank Charges,,,Bank Payment,490,,28.91
10-Sep-24,ROCHE DIAGNOSTICS INDIA PVT. LTD.,,,Bank Payment,491,,245000
10-Sep-24,Bank Charges,,,Bank Payment,492,,5.61
10-Sep-24,Suspence,,,Bank Payment,493,,50000
10-Sep-24,Bank Charges,,,Bank Payment,494,,5.61
10-Sep-24,ROCHE DIAGNOSTICS INDIA PVT. LTD.,,,Bank Payment,495,,81249
10-Sep-24,Fast Tag & Diesel Exp,,,Bank Payment,496,,905
10-Sep-24,Bank Charges,,,Bank Payment,497,,5.61
11-Sep-24,Suspence,,,Bank Payment,498,,500
11-Sep-24,ASK DIAGNOSTICS NAGPUR,,,Bank Reciept,198,10106,
11-Sep-24,SANTOSH RATHI PNB A/C No 1472000100352108,,,Bank Reciept,199,900000,
11-Sep-24,ROCHE DIAGNOSTICS INDIA PVT. LTD.,,,Bank Payment,499,,38420
11-Sep-24,Suspence,,,Bank Payment,500,,50000
11-Sep-24,Bank Charges,,,Bank Payment,501,,58.41
11-Sep-24,"BIOMERIEUX INDIA PVT. LTD ,THANE",,,Bank Payment,502,,1000000
11-Sep-24,Suspence,,,Bank Payment,503,,1366.8
12-Sep-24,ROCHE DIAGNOSTICS INDIA PVT. LTD.,,,Bank Payment,504,,34500
12-Sep-24,Jambulkar Path Lab Parshivani,,,Bank Reciept,200,5000,
12-Sep-24,"Prachi Agencies, Nagpur",,,Bank Reciept,201,1394,
12-Sep-24,MEDI POINT CHANAPUR,,,Bank Reciept,202,30925,
12-Sep-24,ROCHE DIAGNOSTICS INDIA PVT. LTD.,,,Bank Payment,506,,60500
12-Sep-24,RAM RAUT FOR OFFICE EXPENSES,,,Bank Payment,507,,1500
13-Sep-24,Shiv Enterprises Khamgaon,,,Bank Reciept,203,6843,
13-Sep-24,Shiv Enterprises Khamgaon,,,Bank Reciept,204,10786,
13-Sep-24,Shiv Enterprises Khamgaon,,,Bank Reciept,205,8170,
13-Sep-24,Shiv Enterprises Khamgaon,,,Bank Reciept,206,6238,
13-Sep-24,H.C.G. HOSPITAL AUTOMOTIVE CHAWK KAMPTEE ROAD NAGPU,,,Bank Reciept,207,311400.56,
13-Sep-24,SANTOSH RATHI PNB A/C No 1472000100352108,,,Bank Reciept,208,65000,
13-Sep-24,Bank Charges,,,Bank Payment,508,,236
13-Sep-24,RAM RAUT FOR OFFICE EXPENSES,,,Bank Payment,509,,2000
13-Sep-24,Bank Charges,,,Bank Payment,510,,5.61
13-Sep-24,DELTA LAB PVT. LTD.,,,Bank Payment,511,,62026
13-Sep-24,Suspence,,,Bank Payment,512,,1101
14-Sep-24,I. J. HEALTHCARE,,,Bank Reciept,209,8182,
14-Sep-24,Suspence,,,Bank Payment,513,,31115
14-Sep-24,ROCHE DIAGNOSTICS INDIA PVT. LTD.,,,Bank Payment,514,,57875
14-Sep-24,ROCHE DIAGNOSTICS INDIA PVT. LTD.,,,Bank Reciept,210,57875,
14-Sep-24,ROCHE DIAGNOSTICS INDIA PVT. LTD.,,,Bank Payment,515,,57875
15-Sep-24,Suspence,,,Bank Payment,516,,50000
16-Sep-24,RAM RAUT FOR OFFICE EXPENSES,,,Bank Payment,517,,1000
17-Sep-24,ROCHE DIAGNOSTICS INDIA PVT. LTD.,,,Bank Payment,518,,80172
17-Sep-24,Suspence,,,Bank Payment,519,,1869
18-Sep-24,MANGALMURTI DIAGNOSTICS & CHANAPUR,,,Bank Reciept,211,21453,
18-Sep-24,. Shalini Reddy Nagpur,,,Bank Reciept,212,19462,
18-Sep-24,MSEB ELECTRICITY BILL,,,Bank Payment,520,,9200
19-Sep-24,Shree Pharma Diagnostics &Surgical Nanded,,,Bank Reciept,213,16026,
19-Sep-24,ROCHE DIAGNOSTICS INDIA PVT. LTD.,,,Bank Payment,521,,52973
20-Sep-24,Suspence,,,Bank Payment,523,,908.4
21-Sep-24,"RST REGIONAL CANCER HOSPITAL, NAGPUR",,,Bank Reciept,214,64580,
21-Sep-24,Suspence,,,Bank Payment,524,,2500
21-Sep-24,Suspence,,,Bank Payment,525,,1900
23-Sep-24,"GOLDEN TULIP,NAGPUR",,,Bank Reciept,215,18554,
23-Sep-24,Suspence,,,Bank Reciept,216,672,
23-Sep-24,ROCHE DIAGNOSTICS INDIA PVT. LTD.,,,Bank Payment,527,,22000
23-Sep-24,Suspence,,,Bank Payment,528,,25950
24-Sep-24,Suspence,,,Bank Payment,529,,6615
24-Sep-24,DELTA LAB PVT. LTD.,,,Bank Payment,530,,77431
24-Sep-24,Proprietor Capital A/c - Santosh Rathi,,,Bank Payment,531,,8000
24-Sep-24,Suspence,,,Bank Payment,532,,11
24-Sep-24,Suspence,,,Bank Payment,533,,11000
25-Sep-24,NEW LIFE MEDITECH SERVICES,,,Bank Reciept,217,1546,
25-Sep-24,Suspence,,,Bank Reciept,218,5000,
25-Sep-24,"LABSYS DAIGNOSTICS ,NAGPUR",,,Bank Reciept,219,7969,
25-Sep-24,RAM RAUT FOR OFFICE EXPENSES,,,Bank Payment,534,,1000
25-Sep-24,Office Exp.,,,Bank Payment,535,,470
25-Sep-24,"Aspen Diagnostic, Delhi",,,Bank Payment,536,,40622
26-Sep-24,KRUSHNARPAN ENTERPRISES,,,Bank Reciept,220,12906,
26-Sep-24,ICON ENTERPRISES,,,Bank Reciept,221,5780,
26-Sep-24,NEW LIFE MEDITECH SERVICES,,,Bank Reciept,222,2029,
26-Sep-24,"National Cancer Institute, Jamtha",,,Bank Reciept,223,116732,
26-Sep-24,Suspence,,,Bank Payment,537,,2801.55
26-Sep-24,Suspence,,,Bank Payment,538,,1000
26-Sep-24,Suspence,,,Bank Payment,539,,890
26-Sep-24,Hotel Expeness,,,Bank Payment,540,,470
27-Sep-24,Suspence,,,Bank Payment,541,,500
27-Sep-24,"SHREE GAJANAN DISTRIBUTORS, BADNERA",,,Bank Reciept,224,27494,
27-Sep-24,MANGALMURTI DIAGNOSTICS & CHANAPUR,,,Bank Reciept,225,15247,
27-Sep-24,Suspence,,,Bank Reciept,226,23600,
27-Sep-24,Suspence,,,Bank Reciept,227,500,
27-Sep-24,MSEB ELECTRICITY BILL,,,Bank Payment,542,,12400
27-Sep-24,Hotel Expeness,,,Bank Payment,543,,1310
27-Sep-24,Suspence,,,Bank Payment,544,,500
28-Sep-24,Super Speciality Hospital Nagpur,,,Bank Reciept,228,116076,
28-Sep-24,SANTOSH RATHI PNB A/C No 1472000100352108,,,Bank Payment,545,,90000
29-Sep-24,Travelling Exp.,,,Bank Payment,546,,3547
29-Sep-24,Fast Tag & Diesel Exp,,,Bank Payment,547,,905
29-Sep-24,H.D.F.C.Housing Loan (Vasundhara),,,Bank Payment,548,,43400
29-Sep-24,ROCHE DIAGNOSTICS INDIA PVT. LTD.,,,Bank Payment,549,,30240
29-Sep-24,Bank Charges,,,Bank Payment,550,,28.91
30-Sep-24,Suspence,,,Bank Payment,551,,200000
30-Sep-24,DELTA LAB PVT. LTD.,,,Bank Payment,552,,56694
30-Sep-24,SANTOSH RATHI PNB A/C No 1472000100352108,,,Bank Reciept,229,105000,
1-Oct-24,ANATPATH LABORATORIES NAGPUR,,,Bank Reciept,230,100000,
1-Oct-24,Amol Panpalia,,,Bank Payment,553,,32150
1-Oct-24,Suspence,,,Bank Reciept,231,3340,
1-Oct-24,Amol Panpalia,,,Bank Reciept,232,32150,
2-Oct-24,Jambulkar Path Lab Parshivani,,,Bank Reciept,233,3000,
2-Oct-24,Siddhi Associates Nagpur,,,Bank Reciept,234,37370,
2-Oct-24,Amol Panpalia,,,Bank Payment,555,,32150
3-Oct-24,(as per details),,,Journal,9,124,
,Cash,,,,,8000,
,KARANJA CLINICAL LAB,,,,,,8124
3-Oct-24,"Amba Diagnostics Amravati,",,,Bank Reciept,235,11631,
3-Oct-24,Suspence,,,Bank Reciept,236,4646,
3-Oct-24,ROCHE DIAGNOSTICS INDIA PVT. LTD.,,,Bank Payment,556,,32060
3-Oct-24,RAM RAUT FOR OFFICE EXPENSES,,,Bank Payment,557,,1000
3-Oct-24,SALARY EXP.,,,Bank Payment,558,,7000
3-Oct-24,Suspence,,,Bank Payment,559,,650.18
4-Oct-24,"LABSYS DAIGNOSTICS ,NAGPUR",,,Bank Reciept,237,3192,
4-Oct-24,"SHREE GAJANAN DISTRIBUTORS, BADNERA",,,Bank Reciept,238,20871,
4-Oct-24,Maheshwari Diagnostic Center Akola,,,Bank Reciept,239,51000,
4-Oct-24,Suspence,,,Bank Payment,560,,3000
4-Oct-24,Bank Charges,,,Bank Payment,561,,1180
4-Oct-24,SALARY EXP.,,,Bank Payment,562,,10000
5-Oct-24,The Yawatmal Urban Co-Operative Bank Ltd.,,,Bank Payment,563,,125000
5-Oct-24,Bank Charges,,,Bank Payment,564,,17.41
5-Oct-24,VIDARBHA BIOSCIENCES NAGPUR,,,Bank Reciept,240,18746,
6-Oct-24,Travelling Exp.,,,Bank Payment,566,,1966
7-Oct-24,The Yawatmal Urban Co-Operative Bank Ltd.,,,Bank Payment,567,,35000
7-Oct-24,Bank Charges,,,Bank Payment,568,,5.61
7-Oct-24,RAM RAUT FOR OFFICE EXPENSES,,,Bank Payment,569,,1000
8-Oct-24,RAM RAUT FOR OFFICE EXPENSES,,,Bank Payment,570,,2000
8-Oct-24,SALARY EXP.,,,Bank Payment,571,,9677
8-Oct-24,SALARY EXP.,,,Bank Payment,572,,5580
8-Oct-24,RAM RAUT FOR OFFICE EXPENSES,,,Bank Payment,573,,1000
8-Oct-24,Star Diagnostic Equipment Bhandara,,,Bank Reciept,241,25766,
8-Oct-24,Suspence,,,Bank Reciept,242,1363.2,
9-Oct-24,INSTITUTE OF SURGICAL PATHOLOGY,,,Bank Reciept,243,118123,
9-Oct-24,Shree Pharma Diagnostics &Surgical Nanded,,,Bank Reciept,244,30351,
9-Oct-24,"SHIV SAI PHARMA, NANDED",,,Bank Reciept,245,20000,
9-Oct-24,ROCHE DIAGNOSTICS INDIA PVT. LTD.,,,Bank Reciept,246,34593,
11-Oct-24,"National Cancer Institute, Jamtha",,,Bank Reciept,247,500000,
11-Oct-24,ROCHE DIAGNOSTICS INDIA PVT. LTD.,,,Bank Payment,574,,496036
11-Oct-24,Bank Charges,,,Bank Payment,575,,28.91
11-Oct-24,Suspence,,,Bank Payment,576,,6000
12-Oct-24,Bank Charges,,,Bank Payment,577,,29.5
12-Oct-24,Suspence,,,Bank Payment,578,,2100
14-Oct-24,Cash,,,Bank Payment,579,,75000
15-Oct-24,Amol Panpalia,,,Bank Reciept,248,50000,
15-Oct-24,Cash,,,Bank Reciept,249,20000,
15-Oct-24,Travelling Exp.,,,Bank Payment,580,,1616
15-Oct-24,Amol Panpalia,,,Bank Payment,581,,850
15-Oct-24,Suspence,,,Bank Payment,582,,1416
15-Oct-24,Cash,,,Bank Payment,583,,20000
15-Oct-24,Cash,,,Bank Payment,584,,20000
15-Oct-24,RAM RAUT FOR OFFICE EXPENSES,,,Bank Payment,585,,1000
16-Oct-24,Suspence,,,Bank Payment,586,,700
16-Oct-24,Postage & Courier Charges,,,Bank Payment,587,,20
16-Oct-24,Suspence,,,Bank Payment,588,,3450
16-Oct-24,Hotel Expeness,,,Bank Payment,589,,800
16-Oct-24,Hotel Expeness,,,Bank Payment,590,,165
17-Oct-24,Suspence,,,Bank Payment,591,,20
17-Oct-24,ROCHE DIAGNOSTICS INDIA PVT. LTD.,,,Bank Payment,592,,13104
17-Oct-24,Suspence,,,Bank Payment,594,,115
17-Oct-24,Travelling Exp.,,,Bank Payment,595,,380
17-Oct-24,Suspence,,,Bank Payment,596,,130
18-Oct-24,I. J. HEALTHCARE,,,Bank Reciept,250,14668,
18-Oct-24,DELTA LAB PVT. LTD.,,,Bank Payment,597,,142722
18-Oct-24,Cash,,,Bank Reciept,251,60000,
18-Oct-24,"Aspen Diagnostic, Delhi",,,Bank Payment,598,,8291
18-Oct-24,Bank Charges,,,Bank Payment,599,,17.41
18-Oct-24,RAM RAUT FOR OFFICE EXPENSES,,,Bank Payment,600,,1000
18-Oct-24,ROCHE DIAGNOSTICS INDIA PVT. LTD.,,,Bank Payment,601,,89075
18-Oct-24,Suspence,,,Bank Payment,602,,2000
18-Oct-24,GOVT. Cancer Hospital Aurangabad,,,Bank Reciept,252,513618,
18-Oct-24,GOVT. Cancer Hospital Aurangabad,,,Bank Reciept,253,36555,
19-Oct-24,"RST REGIONAL CANCER HOSPITAL, NAGPUR",,,Bank Reciept,254,145898,
20-Oct-24,Travelling Exp.,,,Bank Payment,603,,3857
20-Oct-24,Bank Charges,,,Bank Payment,604,,24.78
20-Oct-24,Cash,,,Bank Payment,605,,10000
21-Oct-24,KALIKA ENTERPRISES KHAMGAON,,,Bank Reciept,255,24361,
21-Oct-24,Bank Charges,,,Bank Payment,607,,28.91
21-Oct-24,RATHI CHAMPA BAI,,,Bank Payment,608,,450000
21-Oct-24,Amol Panpalia,,,Bank Payment,609,,40000
22-Oct-24,"INNO HEALTHCARE, AKOLA",,,Bank Reciept,256,14673,
22-Oct-24,Rapid Diagnostic Pvt. Ltd.,,,Bank Payment,611,,11790
22-Oct-24,Bank Charges,,,Bank Payment,612,,5.61
22-Oct-24,ROCHE DIAGNOSTICS INDIA PVT. LTD.,,,Bank Payment,613,,94270
22-Oct-24,"THE DIRECTOR,ALL INDIA INSTITUTE OF MEDICAL SCIENCE",,,Bank Reciept,257,2212744,
23-Oct-24,DELTA LAB PVT. LTD.,,,Bank Payment,614,,88816
23-Oct-24,"Aspen Diagnostic, Delhi",,,Bank Payment,615,,15321
23-Oct-24,SANTOSH RATHI PNB A/C No 1472000100352108,,,Bank Payment,616,,200000
23-Oct-24,H.D.F.C.Housing Loan (Vasundhara),,,Bank Payment,617,,43384
23-Oct-24,Suspence,,,Bank Payment,618,,3500
23-Oct-24,RAM RAUT FOR OFFICE EXPENSES,,,Bank Payment,619,,1000
24-Oct-24,Cash,,,Bank Payment,620,,20000
24-Oct-24,"RST REGIONAL CANCER HOSPITAL, NAGPUR",,,Bank Reciept,261,12060,
24-Oct-24,Cash,,,Bank Reciept,262,20000,
24-Oct-24,Cash,,,Bank Payment,622,,20000
24-Oct-24,Suspence,,,Bank Payment,623,,21490
25-Oct-24,"National Cancer Institute, Jamtha",,,Bank Reciept,263,64556,
25-Oct-24,Proprietor Capital A/c - Santosh Rathi,,,Bank Reciept,264,900000,
25-Oct-24,H.C.G. HOSPITAL AUTOMOTIVE CHAWK KAMPTEE ROAD NAGPU,,,Bank Reciept,265,55685.84,
25-Oct-24,Bank Charges,,,Bank Payment,624,,28.91
25-Oct-24,SGE BIOMEDIX,,,Bank Payment,625,,307000
25-Oct-24,Bank Charges,,,Bank Payment,626,,28.91
25-Oct-24,Amol Panpalia,,,Bank Payment,627,,500000
25-Oct-24,Proprietor Capital A/c - Santosh Rathi,,,Bank Payment,628,,5000
26-Oct-24,ROCHE DIAGNOSTICS INDIA PVT. LTD.,,,Bank Payment,629,,81650
26-Oct-24,Proprietor Capital A/c - Santosh Rathi,,,Bank Payment,630,,5000
26-Oct-24,Suspence,,,Bank Payment,631,,38325
27-Oct-24,DELTA LAB PVT. LTD.,,,Bank Payment,632,,36775
28-Oct-24,Suspence,,,Bank Reciept,266,11280,
28-Oct-24,Proprietor Capital A/c - Santosh Rathi,,,Bank Reciept,267,100000,
28-Oct-24,Electricity Charges,,,Bank Payment,633,,5790
28-Oct-24,Bank Charges,,,Bank Payment,634,,28.91
28-Oct-24,Darshan Kabra,,,Bank Payment,635,,206018
28-Oct-24,Suspence,,,Bank Payment,636,,11500
28-Oct-24,I. J. HEALTHCARE,,,Bank Reciept,268,11280,
29-Oct-24,Proprietor Capital A/c - Santosh Rathi,,,Bank Reciept,269,143000,
29-Oct-24,H.C.G. HOSPITAL AUTOMOTIVE CHAWK KAMPTEE ROAD NAGPU,,,Bank Reciept,270,64478.4,
29-Oct-24,RAM RAUT FOR OFFICE EXPENSES,,,Bank Payment,637,,1000
29-Oct-24,Suspence,,,Bank Payment,638,,1180
29-Oct-24,ROCHE DIAGNOSTICS INDIA PVT. LTD.,,,Bank Payment,639,,19251
29-Oct-24,Suspence,,,Bank Payment,640,,410
29-Oct-24,SALARY EXP.,,,Bank Payment,641,,9677
29-Oct-24,SALARY EXP.,,,Bank Payment,642,,15000
29-Oct-24,SALARY EXP.,,,Bank Payment,643,,12000
29-Oct-24,RAM RAUT FOR OFFICE EXPENSES,,,Bank Payment,644,,1000
29-Oct-24,Cash,,,Bank Payment,645,,30000
30-Oct-24,Suspence,,,Bank Reciept,272,29720,
30-Oct-24,Proprietor Capital A/c - Santosh Rathi,,,Bank Reciept,273,800000,
30-Oct-24,Suspence,,,Bank Payment,646,,100000
30-Oct-24,ASPEN LABORATORIES PVT. LTD.,,,Bank Payment,647,,800000
30-Oct-24,SALARY EXP.,,,Bank Payment,648,,5000
30-Oct-24,Suspence,,,Bank Payment,649,,208
31-Oct-24,"PATHOKART DIAGNOSICS, NAGPUR",,,Bank Reciept,274,25000,
31-Oct-24,Suspence,,,Bank Payment,650,,3800
2-Nov-24,Samarth Diagnostic Chikhli,,,Bank Reciept,275,21004,
5-Nov-24,Satyam Diagostic & Surgicals Nanded,,,Bank Reciept,276,2621,
8-Nov-24,H.C.G. HOSPITAL AUTOMOTIVE CHAWK KAMPTEE ROAD NAGPU,,,Bank Reciept,277,40700,
9-Nov-24,Shiv Enterprises Khamgaon,,,Bank Reciept,278,8680,
9-Nov-24,Shiv Enterprises Khamgaon,,,Bank Reciept,279,3147,
9-Nov-24,Shiv Enterprises Khamgaon,,,Bank Reciept,280,5813,
12-Nov-24,MANGALMURTI DIAGNOSTICS & CHANAPUR,,,Bank Reciept,281,23574,
13-Nov-24,I. J. HEALTHCARE,,,Bank Reciept,282,12907,
13-Nov-24,"RST REGIONAL CANCER HOSPITAL, NAGPUR",,,Bank Reciept,283,120886,
13-Nov-24,KRUSHNARPAN ENTERPRISES,,,Bank Reciept,284,15030,
15-Nov-24,"THE DIRECTOR,ALL INDIA INSTITUTE OF MEDICAL SCIENCE",,,Bank Reciept,290,7379065,
19-Nov-24,"THE DIRECTOR,ALL INDIA INSTITUTE OF MEDICAL SCIENCE",,,Bank Reciept,291,5552953,
20-Nov-24,H.C.G. HOSPITAL AUTOMOTIVE CHAWK KAMPTEE ROAD NAGPU,,,Bank Reciept,292,57980,
22-Nov-24,"SHREE GAJANAN DISTRIBUTORS, BADNERA",,,Bank Reciept,293,35218,
22-Nov-24,ANATPATH LABORATORIES NAGPUR,,,Bank Reciept,294,100000,
22-Nov-24,"GOLDEN TULIP,NAGPUR",,,Bank Reciept,295,12094,
22-Nov-24,"LIFE SAVING DIAGNOSTICS & PHARMASURGICAL, NAGPUR",,,Bank Reciept,296,19700,
22-Nov-24,"LAB HOUSE, GONDIA",,,Bank Reciept,297,20000,
22-Nov-24,I. J. HEALTHCARE,,,Bank Reciept,298,8747,
22-Nov-24,VIDARBHA BIOSCIENCES NAGPUR,,,Bank Reciept,299,7095,
22-Nov-24,I. J. HEALTHCARE,,,Bank Reciept,300,8747,
22-Nov-24,MANGALMURTI DIAGNOSTICS & CHANAPUR,,,Bank Reciept,301,5143.02,
22-Nov-24,MANGALMURTI DIAGNOSTICS & CHANAPUR,,,Bank Reciept,302,21970.48,
23-Nov-24,INSTITUTE OF SURGICAL PATHOLOGY,,,Bank Reciept,303,100000,
25-Nov-24,"INNO HEALTHCARE, AKOLA",,,Bank Reciept,304,7641,
26-Nov-24,Ganesh Clinical Lab Nanded,,,Bank Reciept,305,8000,
26-Nov-24,I. J. HEALTHCARE,,,Bank Reciept,306,7130,
29-Nov-24,KALIKA ENTERPRISES KHAMGAON,,,Bank Reciept,307,14168,
29-Nov-24,Analytics Nagpur,,,Bank Reciept,308,35352,
29-Nov-24,Shree Pharma Diagnostics &Surgical Nanded,,,Bank Reciept,309,23513,
29-Nov-24,"Amba Diagnostics Amravati,",,,Bank Reciept,310,12135,
29-Nov-24,"SHRI CLINICAL LAB, YAVATMAL",,,Bank Reciept,311,5410,
30-Nov-24,Jambulkar Path Lab Parshivani,,,Bank Reciept,312,5000,
1-Dec-24,Samarth Diagnostic Chikhli,,,Bank Reciept,313,5935,
2-Dec-24,Rachit Path Lab Nagpur,,,Bank Reciept,314,9100,
2-Dec-24,Analytics Nagpur,,,Bank Reciept,315,35352,
3-Dec-24,New Life Meditech Sercies,,,Bank Reciept,316,1848,
5-Dec-24,MEDI POINT CHANAPUR,,,Bank Reciept,317,28455,
6-Dec-24,"National Cancer Institute, Jamtha",,,Bank Reciept,318,133695,
9-Dec-24,"LIFE  CARE CLINICAL LAB, GONDIA",,,Bank Reciept,319,4899,
10-Dec-24,"National Cancer Institute, Jamtha",,,Bank Reciept,320,400000,
11-Dec-24,MANGALMURTI DIAGNOSTICS & CHANAPUR,,,Bank Reciept,321,17151,
11-Dec-24,H.C.G. HOSPITAL AUTOMOTIVE CHAWK KAMPTEE ROAD NAGPU,,,Bank Reciept,322,111728.56,
12-Dec-24,Suspence,,,Bank Reciept,323,127323,
13-Dec-24,INSTITUTE OF SURGICAL PATHOLOGY,,,Bank Reciept,324,100000,
13-Dec-24,Suspence,,,Bank Reciept,325,137783,
13-Dec-24,ANATPATH LABORATORIES NAGPUR,,,Bank Reciept,326,131318,
13-Dec-24,"SHREE GAJANAN DISTRIBUTORS, BADNERA",,,Bank Reciept,327,23683,
16-Dec-24,CITY CLINICAL LAB TUMSAR,,,Bank Reciept,328,1600,
16-Dec-24,"ROHANKAR CLINICAL LAB, TUMSAR",,,Bank Reciept,329,15000,
16-Dec-24,"LABSYS DAIGNOSTICS ,NAGPUR",,,Bank Reciept,330,11000,
17-Dec-24,MANGALMURTI DIAGNOSTICS & CHANAPUR,,,Bank Reciept,331,13727,
17-Dec-24,Avdhoot Path. Lab. Nagpur,,,Bank Reciept,332,6772,
17-Dec-24,Rachit Path Lab Nagpur,,,Bank Reciept,333,9100,
19-Dec-24,"LABSYS DAIGNOSTICS ,NAGPUR",,,Bank Reciept,334,15000,
20-Dec-24,"SHREE GAJANAN DISTRIBUTORS, BADNERA",,,Bank Reciept,335,21576,
20-Dec-24,"THE DIRECTOR,ALL INDIA INSTITUTE OF MEDICAL SCIENCE",,,Bank Reciept,336,68727,
21-Dec-24,Shiv Enterprises Khamgaon,,,Bank Reciept,337,4498,
26-Dec-24,I. J. HEALTHCARE,,,Bank Reciept,338,5869,
26-Dec-24,Shree Pharma Diagnostics &Surgical Nanded,,,Bank Reciept,339,21757,
26-Dec-24,"National Cancer Institute, Jamtha",,,Bank Reciept,340,86604,
26-Dec-24,Suspence,,,Bank Reciept,341,187718,
27-Dec-24,Gunwant Pharma Amravati,,,Bank Reciept,342,8305,
27-Dec-24,KRUSHNARPAN ENTERPRISES,,,Bank Reciept,343,9910,
27-Dec-24,Suspence,,,Bank Reciept,344,300000,
28-Dec-24,"INNO HEALTHCARE, AKOLA",,,Bank Reciept,345,6474,
28-Dec-24,ASK DIAGNOSTICS NAGPUR,,,Bank Reciept,346,5051,
30-Dec-24,ICON ENTERPRISES,,,Bank Reciept,347,7761,
30-Dec-24,"National Cancer Institute, Jamtha",,,Bank Reciept,348,62469,
31-Dec-24,"SHIV SAI PHARMA, NANDED",,,Bank Reciept,349,15000,
31-Dec-24,"National Cancer Institute, Jamtha",,,Bank Reciept,350,106936,
31-Dec-24,Rachit Path Lab Nagpur,,,Bank Reciept,351,9100,
31-Dec-24,SHRI GANESH ENTERPRISES  PNB,,,Bank Reciept,352,25000,
31-Dec-24,Suspence,,,Bank Reciept,353,1400,
1-Jan-25,Samarth Diagnostic Chikhli,,,Bank Reciept,354,6044,
2-Jan-25,"LABSYS DAIGNOSTICS ,NAGPUR",,,Bank Reciept,355,15000,
2-Jan-25,H.C.G. HOSPITAL AUTOMOTIVE CHAWK KAMPTEE ROAD NAGPU,,,Bank Reciept,356,137074.88,
4-Jan-25,Shiv Enterprises Khamgaon,,,Bank Reciept,357,4500,
6-Jan-25,"SHREE GAJANAN DISTRIBUTORS, BADNERA",,,Bank Reciept,358,23811,
6-Jan-25,VIDARBHA BIOSCIENCES NAGPUR,,,Bank Reciept,359,10517,
6-Jan-25,"National Cancer Institute, Jamtha",,,Bank Reciept,360,149396,
7-Jan-25,"PATHOKART DIAGNOSICS, NAGPUR",,,Bank Reciept,361,25000,
8-Jan-25,Jambulkar Path Lab Parshivani,,,Bank Reciept,362,3000,
8-Jan-25,Suspence,,,Bank Reciept,363,402453,
9-Jan-25,"SHRI CLINICAL LAB, YAVATMAL",,,Bank Reciept,364,11000,
10-Jan-25,"SHIV SAI PHARMA, NANDED",,,Bank Reciept,365,15000,
10-Jan-25,"THE DIRECTOR,ALL INDIA INSTITUTE OF MEDICAL SCIENCE",,,Bank Reciept,366,2226572,
11-Jan-25,MANGALMURTI DIAGNOSTICS & CHANAPUR,,,Bank Reciept,367,17220,
13-Jan-25,INSTITUTE OF SURGICAL PATHOLOGY,,,Bank Reciept,368,150000,
13-Jan-25,V.N.G.M.C. Yawatmal,,,Bank Reciept,369,116380,
13-Jan-25,SHRI GANESH ENTERPRISES YUB,,,Bank Reciept,370,140000,
14-Jan-25,"National Cancer Institute, Jamtha",,,Bank Reciept,371,132541,
16-Jan-25,"National Cancer Institute, Jamtha",,,Bank Reciept,372,208273,
17-Jan-25,"RST REGIONAL CANCER HOSPITAL, NAGPUR",,,Bank Reciept,373,103062,
18-Jan-25,"National Cancer Institute, Jamtha",,,Bank Reciept,374,139875,
20-Jan-25,"Amba Diagnostics Amravati,",,,Bank Reciept,375,12580,
20-Jan-25,"LABSYS DAIGNOSTICS ,NAGPUR",,,Bank Reciept,376,10000,
20-Jan-25,"LIFE SAVING DIAGNOSTICS & PHARMASURGICAL, NAGPUR",,,Bank Reciept,377,17730,
20-Jan-25,I. J. HEALTHCARE,,,Bank Reciept,378,6528,
22-Jan-25,Siddhi Associates Nagpur,,,Bank Reciept,379,14356,
22-Jan-25,"National Cancer Institute, Jamtha",,,Bank Reciept,380,124019,
22-Jan-25,"National Cancer Institute, Jamtha",,,Bank Reciept,381,153317,
22-Jan-25,"National Cancer Institute, Jamtha",,,Bank Reciept,382,98648,
22-Jan-25,ANATPATH LABORATORIES NAGPUR,,,Bank Reciept,383,80845,
23-Jan-25,H.C.G. HOSPITAL AUTOMOTIVE CHAWK KAMPTEE ROAD NAGPU,,,Bank Reciept,384,17313,
28-Jan-25,"National Cancer Institute, Jamtha",,,Bank Reciept,385,131040,
28-Jan-25,ANATPATH LABORATORIES NAGPUR,,,Bank Reciept,386,80845,
29-Jan-25,ICON ENTERPRISES,,,Bank Reciept,387,4004,
29-Jan-25,"SHREE GAJANAN DISTRIBUTORS, BADNERA",,,Bank Reciept,388,21504,
30-Jan-25,"SHIV SAI PHARMA, NANDED",,,Bank Reciept,389,10000,
31-Jan-25,"INNO HEALTHCARE, AKOLA",,,Bank Reciept,390,5423,
31-Jan-25,I. J. HEALTHCARE,,,Bank Reciept,391,3343,
31-Jan-25,I. J. HEALTHCARE,,,Bank Reciept,392,6854,
31-Jan-25,"LABSYS DAIGNOSTICS ,NAGPUR",,,Bank Reciept,393,10000,
31-Jan-25,"THE DIRECTOR,ALL INDIA INSTITUTE OF MEDICAL SCIENCE",,,Bank Reciept,395,4057913,
31-Jan-25,Cash,,,Bank Reciept,396,35000,
31-Jan-25,Suspence,,,Bank Reciept,397,116429,
1-Feb-25,Samarth Diagnostic Chikhli,,,Bank Reciept,398,4842,
3-Feb-25,MANGALMURTI DIAGNOSTICS & CHANAPUR,,,Bank Reciept,399,20000,
3-Feb-25,ASK DIAGNOSTICS NAGPUR,,,Bank Reciept,400,3713,
5-Feb-25,SANTOSH RATHI PNB A/C No 1472000100352108,,,Bank Reciept,402,400000,
5-Feb-25,SANTOSH RATHI PNB A/C No 1472000100352108,,,Bank Reciept,403,300000,
6-Feb-25,SANTOSH RATHI PNB A/C No 1472000100352108,,,Bank Reciept,405,275000,
7-Feb-25,SANTOSH RATHI PNB A/C No 1472000100352108,,,Bank Reciept,406,50000,
8-Feb-25,"SHREE GAJANAN DISTRIBUTORS, BADNERA",,,Bank Reciept,407,20602,
10-Feb-25,"Prachi Agencies, Nagpur",,,Bank Reciept,408,1951.88,
11-Feb-25,SANTOSH RATHI PNB A/C No 1472000100352108,,,Bank Reciept,409,75000,
12-Feb-25,H.C.G. HOSPITAL AUTOMOTIVE CHAWK KAMPTEE ROAD NAGPU,,,Bank Reciept,410,166726.88,
14-Feb-25,Analytics Nagpur,,,Bank Reciept,411,41610,
15-Feb-25,"National Cancer Institute, Jamtha",,,Bank Reciept,412,124019,
17-Feb-25,KRUSHNARPAN ENTERPRISES,,,Bank Reciept,413,9475,
17-Feb-25,Shiv Enterprises Khamgaon,,,Bank Reciept,414,4404,
17-Feb-25,"PATHOKART DIAGNOSICS, NAGPUR",,,Bank Reciept,415,20000,
19-Feb-25,Shree Pharma Diagnostics &Surgical Nanded,,,Bank Reciept,416,20022,
20-Feb-25,"RST REGIONAL CANCER HOSPITAL, NAGPUR",,,Bank Reciept,417,8496,
21-Feb-25,"National Cancer Institute, Jamtha",,,Bank Reciept,418,153317,
21-Feb-25,"National Cancer Institute, Jamtha",,,Bank Reciept,419,208273,
21-Feb-25,"Pragati Diagnostic Lab, Nagpur",,,Bank Reciept,420,2057,
21-Feb-25,Kalamkar Hospital Nagpur,,,Bank Reciept,421,16753,
21-Feb-25,SANTOSH RATHI PNB A/C No 1472000100352108,,,Bank Reciept,422,900000,
22-Feb-25,"INNO HEALTHCARE, AKOLA",,,Bank Reciept,424,11415,
27-Feb-25,"SHREE GAJANAN DISTRIBUTORS, BADNERA",,,Bank Reciept,425,26299,
27-Feb-25,I. J. HEALTHCARE,,,Bank Reciept,427,10036,
28-Feb-25,SANTOSH RATHI PNB A/C No 1472000100352108,,,Bank Reciept,428,18000,
28-Feb-25,"National Cancer Institute, Jamtha",,,Bank Reciept,429,98648,
1-Mar-25,Samarth Diagnostic Chikhli,,,Bank Reciept,430,6026,
4-Mar-25,Shiv Enterprises Khamgaon,,,Bank Reciept,431,5982,
7-Mar-25,Jambulkar Path Lab Parshivani,,,Bank Reciept,432,5000,
8-Mar-25,KALIKA ENTERPRISES KHAMGAON,,,Bank Reciept,433,19309,
10-Mar-25,"National Cancer Institute, Jamtha",,,Bank Reciept,434,73667,
11-Mar-25,Satyam Diagostic & Surgicals Nanded,,,Bank Reciept,435,13259,
11-Mar-25,Rachit Path Lab Nagpur,,,Bank Reciept,436,9400,
11-Mar-25,"PATHOKART DIAGNOSICS, NAGPUR",,,Bank Reciept,437,15000,
11-Mar-25,Gunwant Pharma Amravati,,,Bank Reciept,438,11428,
15-Mar-25,GIRISH MEDICOS,,,Bank Reciept,439,195440,
15-Mar-25,"Diagnosure Lab, Nagpur",,,Bank Reciept,440,6000,
15-Mar-25,MOMENTO PHARMACEUTICALS,,,Bank Payment,651,,54912
17-Mar-25,"National Cancer Institute, Jamtha",,,Bank Reciept,441,58101,
17-Mar-25,Suspence,,,Bank Reciept,442,1155,
18-Mar-25,"SHIV SAI PHARMA, NANDED",,,Bank Reciept,443,10000,
18-Mar-25,Suspence,,,Bank Reciept,444,2500,
18-Mar-25,Suspence,,,Bank Reciept,445,320,
18-Mar-25,RAKESH BADGE NAGPUR,,,Bank Reciept,446,320,
19-Mar-25,"INNO HEALTHCARE, AKOLA",,,Bank Reciept,447,10092,
19-Mar-25,"SHREE GAJANAN DISTRIBUTORS, BADNERA",,,Bank Reciept,448,20133,
19-Mar-25,(as per details),,,Journal,10,711161,
,GST DEDUCTED,,,,,13478,
,IT DEDUTION,,,,,14789,
,IGGMC Nagpur,,,,,,739428
20-Mar-25,"LABSYS DAIGNOSTICS ,NAGPUR",,,Bank Reciept,449,10000,
20-Mar-25,"RST REGIONAL CANCER HOSPITAL, NAGPUR",,,Bank Reciept,450,134984,
21-Mar-25,"National Cancer Institute, Jamtha",,,Bank Reciept,452,142586,
21-Mar-25,Suspence,,,Bank Reciept,453,175671,
22-Mar-25,"LABSYS DAIGNOSTICS ,NAGPUR",,,Bank Reciept,454,2000,
24-Mar-25,"SHIV SAI PHARMA, NANDED",,,Bank Reciept,455,10000,
24-Mar-25,Cash,,,Bank Reciept,456,110000,
25-Mar-25,Shree Pharma Diagnostics &Surgical Nanded,,,Bank Reciept,457,27071,
25-Mar-25,I. J. HEALTHCARE,,,Bank Reciept,458,9801,
25-Mar-25,"National Cancer Institute, Jamtha",,,Bank Reciept,459,137042,
25-Mar-25,INSTITUTE OF SURGICAL PATHOLOGY,,,Bank Reciept,460,100000,
26-Mar-25,NEW LIFE MEDITECH SERVICES,,,Bank Reciept,461,1546,
26-Mar-25,ANATPATH LABORATORIES NAGPUR,,,Bank Reciept,462,70000,
26-Mar-25,(as per details),,,Journal,12,2618591,
,GST DEDUCTED,,,,,32857,
,IT DEDUTION,,,,,32857,
,THE DEAN  GOVT. MEDICAL COLLAGE NAGPUR,,,,,,2684305
27-Mar-25,Suspence,,,Bank Reciept,463,16103,
28-Mar-25,(as per details),,,Journal,13,,7900
,Repairs & Maintenance,,,,,6172,
,S GST,,,,,864,
,C GST,,,,,864,
28-Mar-25,CAR REPARING  EXP,,,Bank Payment,652,,1820
29-Mar-25,"INNO HEALTHCARE, AKOLA",,,Bank Reciept,465,8083,
29-Mar-25,Cash,,,Bank Reciept,466,200000,
30-Mar-25,Suspence,,,Bank Reciept,467,15925,
31-Mar-25,Shiv Enterprises Khamgaon,,,Bank Reciept,468,6274,